CustomerID,SignupDate,ChurnDate,Plan,MonthlyCharge,TenureMonths,IsChurned,ChurnReason,TotalCharges,SupportTickets,UsageFrequency
CUST-0001,2024-04-12,2024-07-11,Standard,19.99,3,1,Price too high,59.97,8,Medium
CUST-0002,2024-12-14,,Premium,29.99,15,0,N/A,449.85,4,Medium
CUST-0003,2024-09-27,,Basic,9.99,16,0,N/A,159.84,1,High
CUST-0004,2024-04-16,,Basic,9.99,13,0,N/A,129.87,0,Medium
CUST-0005,2024-03-12,2025-08-04,Basic,9.99,17,1,Price too high,169.83,1,Low
CUST-0006,2024-07-07,,Basic,9.99,3,0,N/A,29.97,3,Medium
CUST-0007,2024-01-21,,Standard,19.99,20,0,N/A,399.8,9,High
CUST-0008,2024-04-12,,Premium,29.99,11,0,N/A,329.89,8,High
CUST-0009,2024-05-01,,Basic,9.99,21,0,N/A,209.79,9,High
CUST-0010,2024-08-02,,Basic,9.99,19,0,N/A,189.81,9,High
CUST-0011,2024-11-26,2026-09-17,Basic,9.99,22,1,Other,219.78,1,High
CUST-0012,2024-03-28,,Premium,29.99,11,0,N/A,329.89,1,Medium
CUST-0013,2024-04-09,,Basic,9.99,16,0,N/A,159.84,0,Medium
CUST-0014,2024-12-25,2026-09-16,Standard,19.99,21,1,Found better alternative,419.79,4,Medium
CUST-0015,2024-05-31,2024-08-29,Basic,9.99,3,1,Found better alternative,29.97,4,Low
CUST-0016,2024-05-10,,Basic,9.99,22,0,N/A,219.78,5,Medium
CUST-0017,2024-05-29,,Premium,29.99,6,0,N/A,179.94,4,Medium
CUST-0018,2024-11-04,2025-12-29,Premium,29.99,14,1,Technical issues,419.86,4,Medium
CUST-0019,2024-09-14,2026-03-08,Basic,9.99,18,1,Found better alternative,179.82,9,High
CUST-0020,2024-12-09,2026-05-03,Premium,29.99,17,1,Other,509.83,8,Medium
CUST-0021,2024-10-20,,Standard,19.99,4,0,N/A,79.96,9,Medium
CUST-0022,2024-07-10,,Premium,29.99,23,0,N/A,689.77,5,Low
CUST-0023,2024-10-03,2025-12-27,Basic,9.99,15,1,Found better alternative,149.85,6,High
CUST-0024,2024-06-09,,Standard,19.99,11,0,N/A,219.89,2,Low
CUST-0025,2024-11-09,,Basic,9.99,3,0,N/A,29.97,8,High
CUST-0026,2024-01-22,2024-04-21,Standard,19.99,3,1,Found better alternative,59.97,7,High
CUST-0027,2024-09-09,,Basic,9.99,16,0,N/A,159.84,2,High
CUST-0028,2024-08-23,,Basic,9.99,5,0,N/A,49.95,9,Medium
CUST-0029,2024-12-10,,Basic,9.99,21,0,N/A,209.79,6,High
CUST-0030,2024-02-18,,Standard,19.99,10,0,N/A,199.9,8,Low
CUST-0031,2024-02-28,,Basic,9.99,19,0,N/A,189.81,8,High
CUST-0032,2024-06-18,2024-10-16,Standard,19.99,4,1,Poor customer service,79.96,8,Low
CUST-0033,2024-07-06,,Premium,29.99,19,0,N/A,569.81,4,Medium
CUST-0034,2024-09-27,,Basic,9.99,11,0,N/A,109.89,1,High
CUST-0035,2024-07-08,2024-09-06,Standard,19.99,2,1,Price too high,39.98,1,Low
CUST-0036,2024-06-23,,Basic,9.99,10,0,N/A,99.9,5,High
CUST-0037,2024-02-20,,Premium,29.99,11,0,N/A,329.89,4,High
CUST-0038,2024-12-29,2026-08-21,Basic,9.99,20,1,Price too high,199.8,9,Medium
CUST-0039,2024-02-24,2025-06-18,Standard,19.99,16,1,Poor customer service,319.84,9,Low
CUST-0040,2024-08-31,,Premium,29.99,19,0,N/A,569.81,5,Low
CUST-0041,2024-11-15,2026-10-06,Premium,29.99,23,1,Price too high,689.77,2,Medium
CUST-0042,2024-05-10,,Standard,19.99,11,0,N/A,219.89,8,High
CUST-0043,2024-11-02,2025-12-27,Basic,9.99,14,1,Found better alternative,139.86,3,Medium
CUST-0044,2024-05-14,,Standard,19.99,2,0,N/A,39.98,1,Medium
CUST-0045,2024-01-21,2025-12-11,Premium,29.99,23,1,Found better alternative,689.77,7,Low
CUST-0046,2024-11-24,,Standard,19.99,5,0,N/A,99.95,1,Medium
CUST-0047,2024-06-15,,Basic,9.99,5,0,N/A,49.95,2,High
CUST-0048,2024-09-30,,Premium,29.99,19,0,N/A,569.81,7,Medium
CUST-0049,2024-03-29,,Standard,19.99,21,0,N/A,419.79,2,High
CUST-0050,2024-11-11,2025-11-06,Standard,19.99,12,1,Other,239.88,0,Medium
CUST-0051,2024-01-14,,Basic,9.99,18,0,N/A,179.82,2,Medium
CUST-0052,2024-08-29,,Standard,19.99,4,0,N/A,79.96,4,Low
CUST-0053,2024-09-21,,Basic,9.99,22,0,N/A,219.78,3,Medium
CUST-0054,2024-12-11,,Standard,19.99,17,0,N/A,339.83,3,Medium
CUST-0055,2024-02-22,2024-12-18,Basic,9.99,10,1,Poor customer service,99.9,7,Low
CUST-0056,2024-12-05,2026-07-28,Standard,19.99,20,1,Other,399.8,4,High
CUST-0057,2024-04-01,,Premium,29.99,6,0,N/A,179.94,3,Medium
CUST-0058,2024-09-20,2025-11-14,Basic,9.99,14,1,No longer needed,139.86,8,Medium
CUST-0059,2024-02-04,2024-12-30,Premium,29.99,11,1,Price too high,329.89,9,Medium
CUST-0060,2024-07-24,,Basic,9.99,11,0,N/A,109.89,6,Medium
CUST-0061,2024-03-21,,Premium,29.99,18,0,N/A,539.82,2,Low
CUST-0062,2024-02-19,2026-01-09,Standard,19.99,23,1,Price too high,459.77,9,Medium
CUST-0063,2024-12-25,,Standard,19.99,22,0,N/A,439.78,1,Medium
CUST-0064,2024-01-02,2025-06-25,Standard,19.99,18,1,Other,359.82,9,Medium
CUST-0065,2024-02-23,,Premium,29.99,23,0,N/A,689.77,3,Low
CUST-0066,2024-04-15,,Basic,9.99,11,0,N/A,109.89,0,High
CUST-0067,2024-09-16,,Basic,9.99,21,0,N/A,209.79,1,Medium
CUST-0068,2024-11-05,,Standard,19.99,12,0,N/A,239.88,7,Low
CUST-0069,2024-07-09,2024-12-06,Premium,29.99,5,1,No longer needed,149.95,3,Medium
CUST-0070,2024-08-05,,Standard,19.99,23,0,N/A,459.77,4,Medium
CUST-0071,2024-02-13,,Standard,19.99,9,0,N/A,179.91,0,Medium
CUST-0072,2024-06-10,2025-03-07,Basic,9.99,9,1,Price too high,89.91,1,Medium
CUST-0073,2024-07-20,,Premium,29.99,22,0,N/A,659.78,6,High
CUST-0074,2024-09-26,,Basic,9.99,10,0,N/A,99.9,0,High
CUST-0075,2024-12-16,2026-10-07,Standard,19.99,22,1,Technical issues,439.78,9,Medium
CUST-0076,2024-10-30,2026-05-23,Basic,9.99,19,1,Other,189.81,7,High
CUST-0077,2024-09-27,,Basic,9.99,1,0,N/A,9.99,8,Medium
CUST-0078,2024-08-02,,Basic,9.99,7,0,N/A,69.93,7,Low
CUST-0079,2024-09-08,,Basic,9.99,4,0,N/A,39.96,1,Medium
CUST-0080,2024-07-08,,Standard,19.99,1,0,N/A,19.99,0,High
CUST-0081,2024-10-22,,Basic,9.99,15,0,N/A,149.85,8,High
CUST-0082,2024-07-31,,Basic,9.99,8,0,N/A,79.92,6,High
CUST-0083,2024-07-26,,Basic,9.99,12,0,N/A,119.88,8,High
CUST-0084,2024-08-24,,Basic,9.99,22,0,N/A,219.78,5,Low
CUST-0085,2024-12-03,,Basic,9.99,22,0,N/A,219.78,3,High
CUST-0086,2024-02-22,,Basic,9.99,18,0,N/A,179.82,0,Medium
CUST-0087,2024-10-06,2025-12-30,Standard,19.99,15,1,Other,299.85,5,High
CUST-0088,2024-08-04,2025-12-27,Standard,19.99,17,1,Found better alternative,339.83,8,Medium
CUST-0089,2024-09-08,,Standard,19.99,14,0,N/A,279.86,9,Medium
CUST-0090,2024-07-06,,Basic,9.99,14,0,N/A,139.86,0,Low
CUST-0091,2024-02-10,,Basic,9.99,18,0,N/A,179.82,0,Medium
CUST-0092,2024-06-05,,Premium,29.99,20,0,N/A,599.8,2,Medium
CUST-0093,2024-01-15,,Standard,19.99,18,0,N/A,359.82,2,High
CUST-0094,2024-10-27,,Basic,9.99,16,0,N/A,159.84,6,Medium
CUST-0095,2024-03-05,,Basic,9.99,1,0,N/A,9.99,3,Medium
CUST-0096,2024-12-10,2026-10-31,Basic,9.99,23,1,Price too high,229.77,9,Low
CUST-0097,2024-11-22,,Basic,9.99,11,0,N/A,109.89,9,Low
CUST-0098,2024-01-09,,Basic,9.99,15,0,N/A,149.85,6,Low
CUST-0099,2024-12-09,2025-12-04,Standard,19.99,12,1,Price too high,239.88,2,High
CUST-0100,2024-05-08,,Standard,19.99,8,0,N/A,159.92,0,Medium
CUST-0101,2024-05-15,,Standard,19.99,22,0,N/A,439.78,0,Medium
CUST-0102,2024-03-03,,Standard,19.99,20,0,N/A,399.8,2,High
CUST-0103,2024-05-18,,Premium,29.99,6,0,N/A,179.94,7,Medium
CUST-0104,2024-03-21,2024-06-19,Standard,19.99,3,1,Poor customer service,59.97,3,Medium
CUST-0105,2024-06-11,,Premium,29.99,13,0,N/A,389.87,3,Low
CUST-0106,2024-10-15,,Basic,9.99,13,0,N/A,129.87,8,Medium
CUST-0107,2024-09-17,,Basic,9.99,2,0,N/A,19.98,3,Medium
CUST-0108,2024-08-18,,Basic,9.99,5,0,N/A,49.95,1,High
CUST-0109,2024-02-10,2025-07-04,Standard,19.99,17,1,No longer needed,339.83,3,Medium
CUST-0110,2024-01-28,2024-07-26,Premium,29.99,6,1,No longer needed,179.94,8,Medium
CUST-0111,2024-05-14,,Basic,9.99,2,0,N/A,19.98,8,Low
CUST-0112,2024-07-19,,Premium,29.99,4,0,N/A,119.96,8,Medium
CUST-0113,2024-11-23,,Basic,9.99,22,0,N/A,219.78,0,High
CUST-0114,2024-09-24,2025-08-20,Premium,29.99,11,1,Price too high,329.89,8,Medium
CUST-0115,2024-02-02,,Basic,9.99,8,0,N/A,79.92,4,Medium
CUST-0116,2024-02-17,,Basic,9.99,12,0,N/A,119.88,2,Medium
CUST-0117,2024-03-02,,Basic,9.99,8,0,N/A,79.92,8,Medium
CUST-0118,2024-08-03,,Basic,9.99,11,0,N/A,109.89,1,High
CUST-0119,2024-10-19,,Basic,9.99,22,0,N/A,219.78,1,Medium
CUST-0120,2024-04-08,,Basic,9.99,20,0,N/A,199.8,0,Medium
CUST-0121,2024-06-20,,Premium,29.99,8,0,N/A,239.92,8,High
CUST-0122,2024-12-25,,Standard,19.99,8,0,N/A,159.92,9,Medium
CUST-0123,2024-08-01,,Basic,9.99,17,0,N/A,169.83,7,Medium
CUST-0124,2024-02-04,2025-09-26,Standard,19.99,20,1,Poor customer service,399.8,7,Medium
CUST-0125,2024-08-14,,Standard,19.99,20,0,N/A,399.8,9,Low
CUST-0126,2024-04-10,,Basic,9.99,23,0,N/A,229.77,0,Low
CUST-0127,2024-05-10,,Basic,9.99,16,0,N/A,159.84,6,Medium
CUST-0128,2024-09-13,,Basic,9.99,14,0,N/A,139.86,4,Medium
CUST-0129,2024-01-05,,Basic,9.99,11,0,N/A,109.89,0,Low
CUST-0130,2024-08-05,2025-03-03,Standard,19.99,7,1,Price too high,139.93,0,Medium
CUST-0131,2024-09-11,,Basic,9.99,16,0,N/A,159.84,6,Medium
CUST-0132,2024-12-24,2026-01-18,Standard,19.99,13,1,Technical issues,259.87,1,Medium
CUST-0133,2024-10-09,,Standard,19.99,15,0,N/A,299.85,7,Medium
CUST-0134,2024-07-25,,Basic,9.99,16,0,N/A,159.84,5,Medium
CUST-0135,2024-01-15,,Standard,19.99,21,0,N/A,419.79,8,High
CUST-0136,2024-12-11,,Basic,9.99,23,0,N/A,229.77,8,High
CUST-0137,2024-02-11,2024-11-07,Premium,29.99,9,1,Technical issues,269.91,0,Low
CUST-0138,2024-06-27,2024-09-25,Basic,9.99,3,1,Technical issues,29.97,9,Medium
CUST-0139,2024-03-03,2025-09-24,Premium,29.99,19,1,Other,569.81,1,Medium
CUST-0140,2024-12-17,2026-08-09,Standard,19.99,20,1,Price too high,399.8,5,Low
CUST-0141,2024-08-18,2025-01-15,Basic,9.99,5,1,No longer needed,49.95,6,Medium
CUST-0142,2024-08-28,,Standard,19.99,10,0,N/A,199.9,3,Medium
CUST-0143,2024-02-21,,Premium,29.99,17,0,N/A,509.83,6,Low
CUST-0144,2024-04-05,,Standard,19.99,15,0,N/A,299.85,9,Medium
CUST-0145,2024-08-09,,Premium,29.99,23,0,N/A,689.77,6,High
CUST-0146,2024-08-18,2025-04-15,Premium,29.99,8,1,No longer needed,239.92,6,Low
CUST-0147,2024-08-24,,Basic,9.99,15,0,N/A,149.85,4,Medium
CUST-0148,2024-05-22,,Basic,9.99,21,0,N/A,209.79,7,Medium
CUST-0149,2024-06-19,,Standard,19.99,14,0,N/A,279.86,8,Low
CUST-0150,2024-01-29,,Basic,9.99,20,0,N/A,199.8,6,High
CUST-0151,2024-02-05,,Premium,29.99,7,0,N/A,209.93,7,Medium
CUST-0152,2024-01-13,,Premium,29.99,21,0,N/A,629.79,7,Medium
CUST-0153,2024-06-08,,Basic,9.99,23,0,N/A,229.77,9,Medium
CUST-0154,2024-11-22,,Basic,9.99,12,0,N/A,119.88,5,Medium
CUST-0155,2024-07-05,,Standard,19.99,17,0,N/A,339.83,1,High
CUST-0156,2024-08-30,,Basic,9.99,17,0,N/A,169.83,6,High
CUST-0157,2024-03-26,,Premium,29.99,10,0,N/A,299.9,7,Medium
CUST-0158,2024-10-10,,Basic,9.99,19,0,N/A,189.81,6,High
CUST-0159,2024-03-06,,Standard,19.99,14,0,N/A,279.86,5,High
CUST-0160,2024-06-18,,Basic,9.99,11,0,N/A,109.89,8,Low
CUST-0161,2024-02-14,,Standard,19.99,2,0,N/A,39.98,6,High
CUST-0162,2024-03-02,,Basic,9.99,18,0,N/A,179.82,9,High
CUST-0163,2024-05-13,,Standard,19.99,7,0,N/A,139.93,0,Medium
CUST-0164,2024-10-10,,Basic,9.99,12,0,N/A,119.88,3,Low
CUST-0165,2024-01-28,,Standard,19.99,2,0,N/A,39.98,8,High
CUST-0166,2024-04-17,2025-12-08,Premium,29.99,20,1,Other,599.8,4,Medium
CUST-0167,2024-02-13,,Basic,9.99,18,0,N/A,179.82,3,Medium
CUST-0168,2024-12-05,2025-06-03,Basic,9.99,6,1,Technical issues,59.94,4,High
CUST-0169,2024-10-12,,Basic,9.99,10,0,N/A,99.9,2,Medium
CUST-0170,2024-11-26,,Standard,19.99,20,0,N/A,399.8,5,Medium
CUST-0171,2024-05-07,,Standard,19.99,15,0,N/A,299.85,4,High
CUST-0172,2024-12-13,,Standard,19.99,5,0,N/A,99.95,5,Medium
CUST-0173,2024-08-18,,Basic,9.99,20,0,N/A,199.8,6,Medium
CUST-0174,2024-07-08,,Basic,9.99,3,0,N/A,29.97,4,High
CUST-0175,2024-08-12,,Standard,19.99,5,0,N/A,99.95,5,High
CUST-0176,2024-10-09,,Basic,9.99,8,0,N/A,79.92,9,Medium
CUST-0177,2024-04-30,,Premium,29.99,8,0,N/A,239.92,2,Medium
CUST-0178,2024-04-25,,Basic,9.99,8,0,N/A,79.92,9,Low
CUST-0179,2024-08-20,,Standard,19.99,12,0,N/A,239.88,9,High
CUST-0180,2024-09-15,,Basic,9.99,23,0,N/A,229.77,7,Medium
CUST-0181,2024-12-24,2025-08-21,Basic,9.99,8,1,Technical issues,79.92,9,Medium
CUST-0182,2024-07-16,2025-06-11,Standard,19.99,11,1,Technical issues,219.89,3,Medium
CUST-0183,2024-05-16,2025-07-10,Standard,19.99,14,1,Poor customer service,279.86,1,Medium
CUST-0184,2024-11-13,,Premium,29.99,8,0,N/A,239.92,0,Medium
CUST-0185,2024-06-13,2025-04-09,Basic,9.99,10,1,Poor customer service,99.9,8,High
CUST-0186,2024-08-12,2025-03-10,Basic,9.99,7,1,Price too high,69.93,6,High
CUST-0187,2024-11-02,,Standard,19.99,17,0,N/A,339.83,3,Low
CUST-0188,2024-08-21,,Standard,19.99,4,0,N/A,79.96,2,Medium
CUST-0189,2024-06-20,2025-07-15,Basic,9.99,13,1,Other,129.87,1,High
CUST-0190,2024-05-31,,Basic,9.99,4,0,N/A,39.96,9,High
CUST-0191,2024-11-10,,Basic,9.99,5,0,N/A,49.95,5,Low
CUST-0192,2024-06-08,,Premium,29.99,22,0,N/A,659.78,8,Medium
CUST-0193,2024-04-05,,Basic,9.99,4,0,N/A,39.96,4,Medium
CUST-0194,2024-08-20,2026-02-11,Basic,9.99,18,1,Poor customer service,179.82,3,High
CUST-0195,2024-06-28,,Basic,9.99,6,0,N/A,59.94,7,High
CUST-0196,2024-04-22,,Basic,9.99,23,0,N/A,229.77,6,Medium
CUST-0197,2024-11-13,,Basic,9.99,22,0,N/A,219.78,7,High
CUST-0198,2024-02-21,,Standard,19.99,2,0,N/A,39.98,8,Medium
CUST-0199,2024-09-24,,Basic,9.99,23,0,N/A,229.77,4,High
CUST-0200,2024-10-21,,Premium,29.99,11,0,N/A,329.89,3,Low
CUST-0201,2024-04-22,2025-06-16,Basic,9.99,14,1,Price too high,139.86,9,High
CUST-0202,2024-04-10,,Standard,19.99,5,0,N/A,99.95,7,High
CUST-0203,2024-04-22,,Premium,29.99,6,0,N/A,179.94,9,Low
CUST-0204,2024-03-21,,Standard,19.99,10,0,N/A,199.9,7,Medium
CUST-0205,2024-07-05,,Standard,19.99,8,0,N/A,159.92,0,Medium
CUST-0206,2024-04-22,2025-06-16,Basic,9.99,14,1,Technical issues,139.86,9,Medium
CUST-0207,2024-01-02,2024-04-01,Basic,9.99,3,1,Technical issues,29.97,8,Medium
CUST-0208,2024-05-09,2025-05-04,Standard,19.99,12,1,Other,239.88,9,High
CUST-0209,2024-08-07,,Premium,29.99,16,0,N/A,479.84,1,High
CUST-0210,2024-02-23,,Standard,19.99,23,0,N/A,459.77,6,Medium
CUST-0211,2024-12-08,,Standard,19.99,17,0,N/A,339.83,7,Medium
CUST-0212,2024-08-11,,Standard,19.99,1,0,N/A,19.99,5,Low
CUST-0213,2024-08-12,2026-07-03,Basic,9.99,23,1,Found better alternative,229.77,0,High
CUST-0214,2024-05-05,2025-03-01,Basic,9.99,10,1,No longer needed,99.9,8,High
CUST-0215,2024-05-09,2026-03-30,Standard,19.99,23,1,Found better alternative,459.77,5,Medium
CUST-0216,2024-02-22,2024-12-18,Premium,29.99,10,1,Poor customer service,299.9,0,Low
CUST-0217,2024-06-20,2026-03-12,Basic,9.99,21,1,Found better alternative,209.79,4,Medium
CUST-0218,2024-08-05,,Standard,19.99,2,0,N/A,39.98,5,High
CUST-0219,2024-06-08,,Basic,9.99,9,0,N/A,89.91,5,Low
CUST-0220,2024-07-16,,Standard,19.99,22,0,N/A,439.78,7,High
CUST-0221,2024-09-03,,Basic,9.99,13,0,N/A,129.87,4,Low
CUST-0222,2024-11-19,,Basic,9.99,16,0,N/A,159.84,1,Medium
CUST-0223,2024-07-21,,Standard,19.99,18,0,N/A,359.82,9,Medium
CUST-0224,2024-07-02,2026-01-23,Basic,9.99,19,1,Technical issues,189.81,1,Low
CUST-0225,2024-05-02,,Standard,19.99,12,0,N/A,239.88,9,Medium
CUST-0226,2024-09-11,2025-05-09,Standard,19.99,8,1,Found better alternative,159.92,0,Medium
CUST-0227,2024-10-20,2026-03-14,Premium,29.99,17,1,Technical issues,509.83,0,High
CUST-0228,2024-10-06,,Basic,9.99,15,0,N/A,149.85,0,Medium
CUST-0229,2024-11-20,,Basic,9.99,10,0,N/A,99.9,9,Low
CUST-0230,2024-04-07,,Basic,9.99,15,0,N/A,149.85,0,Medium
CUST-0231,2024-07-16,2025-10-09,Premium,29.99,15,1,Price too high,449.85,8,Medium
CUST-0232,2024-08-27,2026-07-18,Premium,29.99,23,1,Price too high,689.77,7,High
CUST-0233,2024-05-23,2024-12-19,Standard,19.99,7,1,No longer needed,139.93,7,Low
CUST-0234,2024-04-06,,Premium,29.99,13,0,N/A,389.87,8,Low
CUST-0235,2024-07-19,,Standard,19.99,17,0,N/A,339.83,0,Low
CUST-0236,2024-05-03,,Standard,19.99,9,0,N/A,179.91,9,High
CUST-0237,2024-07-05,2025-03-02,Basic,9.99,8,1,Poor customer service,79.92,1,Medium
CUST-0238,2024-11-21,,Standard,19.99,20,0,N/A,399.8,7,Medium
CUST-0239,2024-12-14,,Basic,9.99,21,0,N/A,209.79,3,Medium
CUST-0240,2024-09-15,,Premium,29.99,18,0,N/A,539.82,0,Low
CUST-0241,2024-05-27,,Standard,19.99,13,0,N/A,259.87,3,Medium
CUST-0242,2024-09-08,,Standard,19.99,16,0,N/A,319.84,8,Medium
CUST-0243,2024-12-11,,Basic,9.99,9,0,N/A,89.91,0,Low
CUST-0244,2024-05-26,,Basic,9.99,12,0,N/A,119.88,9,Medium
CUST-0245,2024-05-27,,Basic,9.99,12,0,N/A,119.88,6,Low
CUST-0246,2024-12-17,2025-06-15,Basic,9.99,6,1,No longer needed,59.94,5,Medium
CUST-0247,2024-07-17,2026-02-07,Basic,9.99,19,1,Found better alternative,189.81,0,Medium
CUST-0248,2024-11-03,,Premium,29.99,7,0,N/A,209.93,8,Medium
CUST-0249,2024-05-07,2024-08-05,Standard,19.99,3,1,Price too high,59.97,8,Medium
CUST-0250,2024-02-08,,Basic,9.99,16,0,N/A,159.84,2,Low
CUST-0251,2024-12-03,,Basic,9.99,18,0,N/A,179.82,9,Medium
CUST-0252,2024-12-25,2026-04-19,Basic,9.99,16,1,Poor customer service,159.84,8,Low
CUST-0253,2024-05-08,2026-03-29,Standard,19.99,23,1,Poor customer service,459.77,4,Low
CUST-0254,2024-09-23,2025-04-21,Standard,19.99,7,1,No longer needed,139.93,9,High
CUST-0255,2024-05-30,,Premium,29.99,4,0,N/A,119.96,3,Medium
CUST-0256,2024-10-24,,Basic,9.99,8,0,N/A,79.92,6,High
CUST-0257,2024-04-08,2025-05-03,Premium,29.99,13,1,Poor customer service,389.87,3,Medium
CUST-0258,2024-09-19,,Premium,29.99,13,0,N/A,389.87,5,Medium
CUST-0259,2024-09-08,,Basic,9.99,17,0,N/A,169.83,0,Medium
CUST-0260,2024-05-23,2025-10-15,Premium,29.99,17,1,Other,509.83,2,Medium
CUST-0261,2024-12-11,2025-05-10,Basic,9.99,5,1,Other,49.95,4,High
CUST-0262,2024-04-21,2024-10-18,Premium,29.99,6,1,Poor customer service,179.94,4,Medium
CUST-0263,2024-02-29,,Basic,9.99,19,0,N/A,189.81,2,Medium
CUST-0264,2024-01-02,2025-01-26,Premium,29.99,13,1,No longer needed,389.87,9,Low
CUST-0265,2024-10-30,,Premium,29.99,14,0,N/A,419.86,2,High
CUST-0266,2024-09-10,,Premium,29.99,22,0,N/A,659.78,9,Low
CUST-0267,2024-05-19,,Standard,19.99,4,0,N/A,79.96,9,Medium
CUST-0268,2024-02-06,,Basic,9.99,7,0,N/A,69.93,0,Medium
CUST-0269,2024-06-08,,Basic,9.99,8,0,N/A,79.92,4,Low
CUST-0270,2024-01-09,,Basic,9.99,13,0,N/A,129.87,7,Medium
CUST-0271,2024-08-20,,Basic,9.99,6,0,N/A,59.94,8,Medium
CUST-0272,2024-04-08,,Standard,19.99,6,0,N/A,119.94,1,Medium
CUST-0273,2024-05-26,,Basic,9.99,21,0,N/A,209.79,7,Low
CUST-0274,2024-10-30,,Premium,29.99,3,0,N/A,89.97,9,Medium
CUST-0275,2024-07-26,,Standard,19.99,3,0,N/A,59.97,0,Low
CUST-0276,2024-05-10,2025-06-04,Premium,29.99,13,1,Poor customer service,389.87,3,Medium
CUST-0277,2024-05-31,2026-03-22,Basic,9.99,22,1,Price too high,219.78,2,Medium
CUST-0278,2024-02-23,,Premium,29.99,2,0,N/A,59.98,7,High
CUST-0279,2024-04-29,2025-08-22,Premium,29.99,16,1,No longer needed,479.84,6,Medium
CUST-0280,2024-06-09,,Basic,9.99,22,0,N/A,219.78,1,Medium
CUST-0281,2024-04-25,,Standard,19.99,6,0,N/A,119.94,0,High
CUST-0282,2024-03-15,2024-11-10,Standard,19.99,8,1,Poor customer service,159.92,0,Medium
CUST-0283,2024-04-22,,Basic,9.99,23,0,N/A,229.77,6,Medium
CUST-0284,2024-04-13,2024-12-09,Standard,19.99,8,1,No longer needed,159.92,4,Low
CUST-0285,2024-12-05,,Basic,9.99,6,0,N/A,59.94,2,Low
CUST-0286,2024-09-10,2025-11-04,Basic,9.99,14,1,Found better alternative,139.86,5,Medium
CUST-0287,2024-08-14,,Basic,9.99,3,0,N/A,29.97,8,Low
CUST-0288,2024-04-21,,Basic,9.99,10,0,N/A,99.9,6,Medium
CUST-0289,2024-04-08,,Basic,9.99,3,0,N/A,29.97,4,Medium
CUST-0290,2024-06-01,2025-05-27,Basic,9.99,12,1,Poor customer service,119.88,3,Medium
CUST-0291,2024-12-14,,Premium,29.99,17,0,N/A,509.83,7,Low
CUST-0292,2024-12-03,2025-05-02,Standard,19.99,5,1,Price too high,99.95,6,Medium
CUST-0293,2024-07-12,,Premium,29.99,20,0,N/A,599.8,6,Medium
CUST-0294,2024-11-05,,Basic,9.99,9,0,N/A,89.91,0,High
CUST-0295,2024-06-11,,Basic,9.99,21,0,N/A,209.79,4,Medium
CUST-0296,2024-07-26,,Standard,19.99,20,0,N/A,399.8,3,Medium
CUST-0297,2024-06-17,2025-01-13,Basic,9.99,7,1,Price too high,69.93,9,Medium
CUST-0298,2024-06-09,,Basic,9.99,22,0,N/A,219.78,4,Low
CUST-0299,2024-03-08,,Standard,19.99,4,0,N/A,79.96,4,Low
CUST-0300,2024-10-15,,Basic,9.99,13,0,N/A,129.87,4,Medium
CUST-0301,2024-10-03,,Standard,19.99,13,0,N/A,259.87,0,High
CUST-0302,2024-10-30,2025-08-26,Standard,19.99,10,1,Found better alternative,199.9,9,Medium
CUST-0303,2024-05-14,,Basic,9.99,18,0,N/A,179.82,1,Medium
CUST-0304,2024-07-13,,Basic,9.99,17,0,N/A,169.83,4,Medium
CUST-0305,2024-05-07,2025-12-28,Standard,19.99,20,1,Poor customer service,399.8,0,High
CUST-0306,2024-02-02,2025-09-24,Basic,9.99,20,1,No longer needed,199.8,2,Medium
CUST-0307,2024-06-24,,Basic,9.99,13,0,N/A,129.87,0,Low
CUST-0308,2024-01-22,,Premium,29.99,17,0,N/A,509.83,9,High
CUST-0309,2024-08-25,,Basic,9.99,22,0,N/A,219.78,0,Low
CUST-0310,2024-06-06,,Standard,19.99,4,0,N/A,79.96,0,Medium
CUST-0311,2024-02-07,2024-03-08,Premium,29.99,1,1,Poor customer service,29.99,6,Medium
CUST-0312,2024-08-17,,Basic,9.99,1,0,N/A,9.99,6,Low
CUST-0313,2024-12-30,,Basic,9.99,15,0,N/A,149.85,4,Low
CUST-0314,2024-02-20,,Basic,9.99,13,0,N/A,129.87,4,High
CUST-0315,2024-09-20,,Basic,9.99,17,0,N/A,169.83,9,Medium
CUST-0316,2024-10-09,,Basic,9.99,8,0,N/A,79.92,7,Medium
CUST-0317,2024-01-27,,Standard,19.99,18,0,N/A,359.82,6,Medium
CUST-0318,2024-08-13,,Basic,9.99,13,0,N/A,129.87,0,High
CUST-0319,2024-10-03,,Standard,19.99,23,0,N/A,459.77,5,Medium
CUST-0320,2024-10-12,,Premium,29.99,14,0,N/A,419.86,0,High
CUST-0321,2024-04-06,,Premium,29.99,8,0,N/A,239.92,0,High
CUST-0322,2024-10-10,,Standard,19.99,8,0,N/A,159.92,0,Medium
CUST-0323,2024-11-12,,Basic,9.99,15,0,N/A,149.85,0,High
CUST-0324,2024-10-30,,Standard,19.99,13,0,N/A,259.87,2,Medium
CUST-0325,2024-05-26,,Standard,19.99,7,0,N/A,139.93,0,Medium
CUST-0326,2024-01-04,,Basic,9.99,5,0,N/A,49.95,4,Low
CUST-0327,2024-02-04,,Basic,9.99,17,0,N/A,169.83,8,Medium
CUST-0328,2024-07-10,2025-11-02,Premium,29.99,16,1,Price too high,479.84,3,Medium
CUST-0329,2024-02-18,2026-01-08,Basic,9.99,23,1,Found better alternative,229.77,8,High
CUST-0330,2024-01-17,2024-03-17,Basic,9.99,2,1,Poor customer service,19.98,1,Low
CUST-0331,2024-06-20,,Basic,9.99,22,0,N/A,219.78,0,Medium
CUST-0332,2024-08-07,2026-01-29,Basic,9.99,18,1,No longer needed,179.82,0,High
CUST-0333,2024-06-06,,Premium,29.99,17,0,N/A,509.83,7,High
CUST-0334,2024-02-15,,Standard,19.99,7,0,N/A,139.93,2,High
CUST-0335,2024-01-06,,Standard,19.99,13,0,N/A,259.87,6,Low
CUST-0336,2024-04-08,2025-09-30,Basic,9.99,18,1,Other,179.82,6,Medium
CUST-0337,2024-08-20,,Basic,9.99,14,0,N/A,139.86,1,Medium
CUST-0338,2024-02-06,,Basic,9.99,18,0,N/A,179.82,4,Low
CUST-0339,2024-10-06,2025-10-31,Basic,9.99,13,1,No longer needed,129.87,0,Medium
CUST-0340,2024-12-14,2025-11-09,Basic,9.99,11,1,Technical issues,109.89,3,High
CUST-0341,2024-10-28,,Standard,19.99,21,0,N/A,419.79,0,Medium
CUST-0342,2024-06-29,,Basic,9.99,21,0,N/A,209.79,5,Medium
CUST-0343,2024-04-04,,Standard,19.99,16,0,N/A,319.84,9,Medium
CUST-0344,2024-04-08,2026-02-27,Basic,9.99,23,1,Other,229.77,9,Medium
CUST-0345,2024-07-06,,Basic,9.99,17,0,N/A,169.83,7,High
CUST-0346,2024-04-25,,Basic,9.99,8,0,N/A,79.92,4,Medium
CUST-0347,2024-07-09,2026-01-30,Premium,29.99,19,1,Found better alternative,569.81,6,Medium
CUST-0348,2024-09-09,,Premium,29.99,20,0,N/A,599.8,3,Medium
CUST-0349,2024-06-09,,Premium,29.99,15,0,N/A,449.85,0,High
CUST-0350,2024-09-12,,Basic,9.99,9,0,N/A,89.91,2,Medium
CUST-0351,2024-11-18,,Basic,9.99,20,0,N/A,199.8,9,Medium
CUST-0352,2024-05-07,,Standard,19.99,10,0,N/A,199.9,2,High
CUST-0353,2024-01-18,,Basic,9.99,12,0,N/A,119.88,1,Medium
CUST-0354,2024-10-07,,Premium,29.99,21,0,N/A,629.79,2,High
CUST-0355,2024-08-10,,Basic,9.99,23,0,N/A,229.77,1,Medium
CUST-0356,2024-02-23,,Basic,9.99,20,0,N/A,199.8,1,Medium
CUST-0357,2024-02-27,2024-03-28,Basic,9.99,1,1,No longer needed,9.99,2,High
CUST-0358,2024-11-18,2026-07-11,Basic,9.99,20,1,Other,199.8,0,High
CUST-0359,2024-12-25,,Standard,19.99,9,0,N/A,179.91,4,High
CUST-0360,2024-06-22,,Basic,9.99,22,0,N/A,219.78,3,High
CUST-0361,2024-10-06,,Basic,9.99,15,0,N/A,149.85,4,Medium
CUST-0362,2024-04-23,2024-05-23,Basic,9.99,1,1,Price too high,9.99,0,Low
CUST-0363,2024-10-14,,Basic,9.99,12,0,N/A,119.88,3,High
CUST-0364,2024-12-07,2025-03-07,Standard,19.99,3,1,Found better alternative,59.97,5,Medium
CUST-0365,2024-05-30,,Premium,29.99,11,0,N/A,329.89,8,Medium
CUST-0366,2024-05-06,2024-07-05,Premium,29.99,2,1,Other,59.98,3,High
CUST-0367,2024-06-03,2025-09-26,Standard,19.99,16,1,Poor customer service,319.84,1,Medium
CUST-0368,2024-09-29,2025-06-26,Basic,9.99,9,1,Technical issues,89.91,7,Medium
CUST-0369,2024-04-13,,Standard,19.99,15,0,N/A,299.85,4,Medium
CUST-0370,2024-10-25,,Basic,9.99,12,0,N/A,119.88,0,Medium
CUST-0371,2024-09-02,,Basic,9.99,1,0,N/A,9.99,3,Medium
CUST-0372,2024-06-24,,Premium,29.99,13,0,N/A,389.87,9,High
CUST-0373,2024-02-08,,Basic,9.99,14,0,N/A,139.86,2,Medium
CUST-0374,2024-06-18,,Premium,29.99,8,0,N/A,239.92,6,High
CUST-0375,2024-09-03,,Basic,9.99,8,0,N/A,79.92,6,Medium
CUST-0376,2024-01-26,,Standard,19.99,12,0,N/A,239.88,7,High
CUST-0377,2024-12-20,,Standard,19.99,1,0,N/A,19.99,8,High
CUST-0378,2024-11-01,,Premium,29.99,11,0,N/A,329.89,5,Low
CUST-0379,2024-01-13,2024-09-09,Standard,19.99,8,1,Technical issues,159.92,3,Medium
CUST-0380,2024-11-11,,Standard,19.99,10,0,N/A,199.9,0,High
CUST-0381,2024-11-08,,Basic,9.99,19,0,N/A,189.81,3,Medium
CUST-0382,2024-02-05,,Standard,19.99,11,0,N/A,219.89,3,High
CUST-0383,2024-06-21,2025-01-17,Basic,9.99,7,1,Poor customer service,69.93,4,High
CUST-0384,2024-01-20,,Standard,19.99,11,0,N/A,219.89,8,Low
CUST-0385,2024-11-16,,Standard,19.99,17,0,N/A,339.83,0,Medium
CUST-0386,2024-09-20,,Standard,19.99,1,0,N/A,19.99,7,Medium
CUST-0387,2024-05-21,,Basic,9.99,21,0,N/A,209.79,0,Low
CUST-0388,2024-05-22,,Basic,9.99,21,0,N/A,209.79,5,High
CUST-0389,2024-04-01,2024-11-27,Standard,19.99,8,1,No longer needed,159.92,1,High
CUST-0390,2024-12-19,2026-11-09,Basic,9.99,23,1,Price too high,229.77,2,High
CUST-0391,2024-11-17,,Basic,9.99,6,0,N/A,59.94,7,Low
CUST-0392,2024-10-14,,Basic,9.99,22,0,N/A,219.78,8,High
CUST-0393,2024-08-02,,Premium,29.99,18,0,N/A,539.82,6,Medium
CUST-0394,2024-12-07,,Standard,19.99,6,0,N/A,119.94,1,High
CUST-0395,2024-02-20,,Basic,9.99,5,0,N/A,49.95,0,High
CUST-0396,2024-06-01,,Basic,9.99,13,0,N/A,129.87,8,High
CUST-0397,2024-07-04,2026-01-25,Basic,9.99,19,1,Other,189.81,8,Medium
CUST-0398,2024-03-03,2025-12-23,Standard,19.99,22,1,Poor customer service,439.78,4,Low
CUST-0399,2024-07-08,,Standard,19.99,8,0,N/A,159.92,8,High
CUST-0400,2024-05-04,,Basic,9.99,9,0,N/A,89.91,5,Medium
CUST-0401,2024-05-29,,Basic,9.99,17,0,N/A,169.83,3,Medium
CUST-0402,2024-11-09,,Basic,9.99,3,0,N/A,29.97,0,High
CUST-0403,2024-02-27,,Standard,19.99,19,0,N/A,379.81,8,Low
CUST-0404,2024-12-07,,Standard,19.99,11,0,N/A,219.89,7,Medium
CUST-0405,2024-10-31,2026-03-25,Basic,9.99,17,1,Price too high,169.83,2,Medium
CUST-0406,2024-06-28,2026-03-20,Basic,9.99,21,1,Price too high,209.79,5,Medium
CUST-0407,2024-06-18,,Basic,9.99,19,0,N/A,189.81,8,Medium
CUST-0408,2024-11-21,,Premium,29.99,2,0,N/A,59.98,1,Low
CUST-0409,2024-09-27,,Basic,9.99,8,0,N/A,79.92,3,Low
CUST-0410,2024-02-23,,Standard,19.99,19,0,N/A,379.81,7,Medium
CUST-0411,2024-04-10,,Standard,19.99,7,0,N/A,139.93,2,High
CUST-0412,2024-09-20,,Basic,9.99,17,0,N/A,169.83,2,Low
CUST-0413,2024-02-22,,Basic,9.99,6,0,N/A,59.94,1,Medium
CUST-0414,2024-02-29,,Basic,9.99,19,0,N/A,189.81,6,Medium
CUST-0415,2024-04-17,2024-10-14,Standard,19.99,6,1,Found better alternative,119.94,8,High
CUST-0416,2024-01-05,,Standard,19.99,2,0,N/A,39.98,8,Medium
CUST-0417,2024-04-12,,Standard,19.99,6,0,N/A,119.94,4,Low
CUST-0418,2024-07-14,,Standard,19.99,23,0,N/A,459.77,0,Medium
CUST-0419,2024-09-18,,Basic,9.99,5,0,N/A,49.95,3,Medium
CUST-0420,2024-12-30,,Premium,29.99,19,0,N/A,569.81,3,Medium
CUST-0421,2024-12-15,2026-08-07,Standard,19.99,20,1,Found better alternative,399.8,4,High
CUST-0422,2024-02-16,2024-06-15,Basic,9.99,4,1,Poor customer service,39.96,7,High
CUST-0423,2024-12-20,,Premium,29.99,22,0,N/A,659.78,0,Low
CUST-0424,2024-11-06,,Standard,19.99,17,0,N/A,339.83,4,Medium
CUST-0425,2024-11-03,,Standard,19.99,11,0,N/A,219.89,8,Medium
CUST-0426,2024-05-23,,Standard,19.99,4,0,N/A,79.96,6,High
CUST-0427,2024-09-25,2025-10-20,Premium,29.99,13,1,No longer needed,389.87,4,Medium
CUST-0428,2024-05-03,,Standard,19.99,20,0,N/A,399.8,8,Medium
CUST-0429,2024-04-15,,Basic,9.99,17,0,N/A,169.83,2,Medium
CUST-0430,2024-06-06,,Basic,9.99,9,0,N/A,89.91,1,High
CUST-0431,2024-05-26,,Premium,29.99,4,0,N/A,119.96,4,Medium
CUST-0432,2024-05-24,2026-04-14,Basic,9.99,23,1,No longer needed,229.77,7,Medium
CUST-0433,2024-04-29,,Basic,9.99,14,0,N/A,139.86,7,Medium
CUST-0434,2024-11-14,2026-06-07,Basic,9.99,19,1,Found better alternative,189.81,0,High
CUST-0435,2024-10-01,,Basic,9.99,3,0,N/A,29.97,0,Low
CUST-0436,2024-04-01,2025-05-26,Standard,19.99,14,1,Poor customer service,279.86,2,Medium
CUST-0437,2024-02-27,,Premium,29.99,8,0,N/A,239.92,2,Medium
CUST-0438,2024-12-11,,Basic,9.99,1,0,N/A,9.99,2,Low
CUST-0439,2024-08-16,2025-06-12,Basic,9.99,10,1,Found better alternative,99.9,0,Medium
CUST-0440,2024-04-26,,Basic,9.99,18,0,N/A,179.82,7,High
CUST-0441,2024-11-13,,Premium,29.99,16,0,N/A,479.84,9,High
CUST-0442,2024-10-05,,Standard,19.99,8,0,N/A,159.92,2,High
CUST-0443,2024-05-06,2024-06-05,Basic,9.99,1,1,Poor customer service,9.99,0,Medium
CUST-0444,2024-05-08,,Premium,29.99,12,0,N/A,359.88,2,High
CUST-0445,2024-02-27,2024-10-24,Premium,29.99,8,1,Technical issues,239.92,0,Medium
CUST-0446,2024-05-01,,Premium,29.99,16,0,N/A,479.84,0,Low
CUST-0447,2024-01-01,,Premium,29.99,18,0,N/A,539.82,6,Medium
CUST-0448,2024-08-26,2024-12-24,Basic,9.99,4,1,Technical issues,39.96,6,Low
CUST-0449,2024-10-16,,Standard,19.99,6,0,N/A,119.94,5,High
CUST-0450,2024-04-05,2025-03-31,Basic,9.99,12,1,Poor customer service,119.88,8,Low
CUST-0451,2024-05-05,2025-01-30,Premium,29.99,9,1,Other,269.91,6,Medium
CUST-0452,2024-04-27,,Standard,19.99,15,0,N/A,299.85,5,Medium
CUST-0453,2024-02-17,,Standard,19.99,16,0,N/A,319.84,4,Low
CUST-0454,2024-03-29,,Standard,19.99,12,0,N/A,239.88,5,High
CUST-0455,2024-08-24,2026-07-15,Basic,9.99,23,1,No longer needed,229.77,2,Medium
CUST-0456,2024-09-28,2025-11-22,Standard,19.99,14,1,Poor customer service,279.86,0,Low
CUST-0457,2024-07-07,,Premium,29.99,13,0,N/A,389.87,5,Medium
CUST-0458,2024-07-10,,Premium,29.99,2,0,N/A,59.98,1,Low
CUST-0459,2024-03-09,,Basic,9.99,3,0,N/A,29.97,6,Medium
CUST-0460,2024-10-04,2026-07-26,Basic,9.99,22,1,Poor customer service,219.78,7,Low
CUST-0461,2024-12-14,,Basic,9.99,10,0,N/A,99.9,7,Medium
CUST-0462,2024-09-03,,Standard,19.99,9,0,N/A,179.91,1,Low
CUST-0463,2024-03-16,,Premium,29.99,20,0,N/A,599.8,5,Medium
CUST-0464,2024-06-02,2025-01-28,Basic,9.99,8,1,Found better alternative,79.92,2,Medium
CUST-0465,2024-05-23,,Standard,19.99,10,0,N/A,199.9,7,Medium
CUST-0466,2024-03-26,,Premium,29.99,19,0,N/A,569.81,4,Low
CUST-0467,2024-07-03,,Standard,19.99,3,0,N/A,59.97,7,High
CUST-0468,2024-10-11,,Standard,19.99,5,0,N/A,99.95,1,Medium
CUST-0469,2024-08-07,2024-11-05,Standard,19.99,3,1,Price too high,59.97,3,High
CUST-0470,2024-03-09,2025-07-02,Standard,19.99,16,1,Found better alternative,319.84,9,Medium
CUST-0471,2024-02-16,,Basic,9.99,17,0,N/A,169.83,8,Medium
CUST-0472,2024-04-03,,Standard,19.99,15,0,N/A,299.85,3,Low
CUST-0473,2024-08-25,,Standard,19.99,3,0,N/A,59.97,5,Medium
CUST-0474,2024-07-22,,Premium,29.99,12,0,N/A,359.88,5,High
CUST-0475,2024-08-05,2025-05-02,Standard,19.99,9,1,Found better alternative,179.91,5,Medium
CUST-0476,2024-12-06,,Standard,19.99,21,0,N/A,419.79,7,Medium
CUST-0477,2024-02-08,,Basic,9.99,12,0,N/A,119.88,8,High
CUST-0478,2024-04-09,,Basic,9.99,15,0,N/A,149.85,1,Medium
CUST-0479,2024-10-15,,Basic,9.99,2,0,N/A,19.98,6,High
CUST-0480,2024-09-10,,Basic,9.99,23,0,N/A,229.77,6,Medium
CUST-0481,2024-08-09,,Standard,19.99,18,0,N/A,359.82,5,Medium
CUST-0482,2024-12-22,,Premium,29.99,20,0,N/A,599.8,4,Medium
CUST-0483,2024-01-23,2025-01-17,Basic,9.99,12,1,Found better alternative,119.88,2,Medium
CUST-0484,2024-09-06,,Basic,9.99,23,0,N/A,229.77,2,Medium
CUST-0485,2024-01-10,,Premium,29.99,4,0,N/A,119.96,9,Medium
CUST-0486,2024-09-02,2026-07-24,Basic,9.99,23,1,Technical issues,229.77,8,Medium
CUST-0487,2024-11-20,,Standard,19.99,16,0,N/A,319.84,7,Medium
CUST-0488,2024-04-09,2026-02-28,Standard,19.99,23,1,Poor customer service,459.77,5,Medium
CUST-0489,2024-10-16,,Standard,19.99,16,0,N/A,319.84,4,Medium
CUST-0490,2024-06-28,,Basic,9.99,1,0,N/A,9.99,2,Medium
CUST-0491,2024-08-10,,Basic,9.99,22,0,N/A,219.78,0,Medium
CUST-0492,2024-09-06,,Standard,19.99,2,0,N/A,39.98,2,High
CUST-0493,2024-05-26,,Standard,19.99,3,0,N/A,59.97,8,Low
CUST-0494,2024-04-05,2025-12-26,Basic,9.99,21,1,Other,209.79,5,Low
CUST-0495,2024-09-13,,Standard,19.99,20,0,N/A,399.8,6,Medium
CUST-0496,2024-11-20,,Basic,9.99,17,0,N/A,169.83,7,Medium
CUST-0497,2024-01-04,,Standard,19.99,20,0,N/A,399.8,9,Medium
CUST-0498,2024-01-16,,Basic,9.99,22,0,N/A,219.78,4,Low
CUST-0499,2024-10-06,,Premium,29.99,21,0,N/A,629.79,1,Medium
CUST-0500,2024-12-01,,Basic,9.99,1,0,N/A,9.99,2,Medium
CUST-0501,2024-09-03,2026-04-26,Basic,9.99,20,1,Price too high,199.8,2,Low
CUST-0502,2024-09-14,2025-03-13,Basic,9.99,6,1,Price too high,59.94,8,Medium
CUST-0503,2024-06-08,,Basic,9.99,15,0,N/A,149.85,4,Medium
CUST-0504,2024-12-05,,Premium,29.99,14,0,N/A,419.86,1,High
CUST-0505,2024-05-31,2026-01-21,Premium,29.99,20,1,No longer needed,599.8,1,Medium
CUST-0506,2024-06-26,2025-09-19,Basic,9.99,15,1,Found better alternative,149.85,5,Medium
CUST-0507,2024-06-11,,Basic,9.99,14,0,N/A,139.86,2,Low
CUST-0508,2024-02-02,2025-10-24,Standard,19.99,21,1,Technical issues,419.79,8,Medium
CUST-0509,2024-06-27,,Premium,29.99,5,0,N/A,149.95,3,Medium
CUST-0510,2024-04-10,2024-10-07,Standard,19.99,6,1,Technical issues,119.94,5,High
CUST-0511,2024-09-24,,Basic,9.99,17,0,N/A,169.83,0,Medium
CUST-0512,2024-11-18,,Basic,9.99,11,0,N/A,109.89,5,Medium
CUST-0513,2024-03-05,2025-06-28,Standard,19.99,16,1,Price too high,319.84,8,Medium
CUST-0514,2024-06-16,,Basic,9.99,12,0,N/A,119.88,9,High
CUST-0515,2024-11-25,,Standard,19.99,15,0,N/A,299.85,1,Medium
CUST-0516,2024-02-12,,Basic,9.99,23,0,N/A,229.77,2,High
CUST-0517,2024-02-13,2024-06-12,Standard,19.99,4,1,Found better alternative,79.96,6,High
CUST-0518,2024-10-11,2026-04-04,Basic,9.99,18,1,Price too high,179.82,9,Medium
CUST-0519,2024-01-12,2025-10-03,Standard,19.99,21,1,Technical issues,419.79,7,Medium
CUST-0520,2024-04-04,,Basic,9.99,3,0,N/A,29.97,4,Medium
CUST-0521,2024-10-28,2026-08-19,Standard,19.99,22,1,No longer needed,439.78,7,Low
CUST-0522,2024-09-09,,Basic,9.99,8,0,N/A,79.92,6,Low
CUST-0523,2024-08-29,,Standard,19.99,23,0,N/A,459.77,9,Low
CUST-0524,2024-02-04,2024-05-04,Standard,19.99,3,1,Technical issues,59.97,8,Medium
CUST-0525,2024-08-02,,Standard,19.99,8,0,N/A,159.92,9,Medium
CUST-0526,2024-12-02,,Standard,19.99,18,0,N/A,359.82,3,Medium
CUST-0527,2024-03-30,,Standard,19.99,10,0,N/A,199.9,6,Medium
CUST-0528,2024-09-20,,Premium,29.99,20,0,N/A,599.8,6,High
CUST-0529,2024-04-02,2025-08-25,Basic,9.99,17,1,Poor customer service,169.83,0,Medium
CUST-0530,2024-03-30,,Premium,29.99,8,0,N/A,239.92,1,Medium
CUST-0531,2024-04-24,2026-03-15,Basic,9.99,23,1,Other,229.77,3,Medium
CUST-0532,2024-04-14,,Basic,9.99,11,0,N/A,109.89,5,Low
CUST-0533,2024-07-14,,Basic,9.99,5,0,N/A,49.95,9,Medium
CUST-0534,2024-11-09,,Basic,9.99,13,0,N/A,129.87,2,Low
CUST-0535,2024-04-23,2026-01-13,Standard,19.99,21,1,Other,419.79,2,Medium
CUST-0536,2024-03-15,,Standard,19.99,23,0,N/A,459.77,1,Medium
CUST-0537,2024-08-04,2025-01-01,Standard,19.99,5,1,Other,99.95,0,Medium
CUST-0538,2024-10-03,,Standard,19.99,13,0,N/A,259.87,6,Low
CUST-0539,2024-09-05,,Basic,9.99,6,0,N/A,59.94,5,Medium
CUST-0540,2024-06-12,,Basic,9.99,5,0,N/A,49.95,6,High
CUST-0541,2024-12-22,2025-09-18,Basic,9.99,9,1,Price too high,89.91,4,High
CUST-0542,2024-07-10,2025-11-02,Basic,9.99,16,1,Found better alternative,159.84,0,Medium
CUST-0543,2024-08-14,,Basic,9.99,2,0,N/A,19.98,6,High
CUST-0544,2024-06-25,,Basic,9.99,1,0,N/A,9.99,0,High
CUST-0545,2024-04-08,,Standard,19.99,8,0,N/A,159.92,7,Medium
CUST-0546,2024-02-05,2025-08-28,Standard,19.99,19,1,Technical issues,379.81,7,Medium
CUST-0547,2024-04-05,,Premium,29.99,11,0,N/A,329.89,2,Medium
CUST-0548,2024-05-31,2025-05-26,Premium,29.99,12,1,Price too high,359.88,0,Medium
CUST-0549,2024-05-30,2025-05-25,Standard,19.99,12,1,No longer needed,239.88,9,Low
CUST-0550,2024-07-08,,Basic,9.99,7,0,N/A,69.93,3,Low
CUST-0551,2024-08-11,2025-09-05,Standard,19.99,13,1,Technical issues,259.87,5,Low
CUST-0552,2024-02-06,,Standard,19.99,8,0,N/A,159.92,2,Medium
CUST-0553,2024-09-24,,Basic,9.99,22,0,N/A,219.78,2,High
CUST-0554,2024-07-01,,Basic,9.99,9,0,N/A,89.91,4,High
CUST-0555,2024-01-13,,Premium,29.99,7,0,N/A,209.93,0,Low
CUST-0556,2024-10-05,2026-06-27,Basic,9.99,21,1,Technical issues,209.79,4,Medium
CUST-0557,2024-08-04,,Standard,19.99,15,0,N/A,299.85,7,Low
CUST-0558,2024-12-20,,Standard,19.99,2,0,N/A,39.98,0,Low
CUST-0559,2024-12-26,,Basic,9.99,23,0,N/A,229.77,5,High
CUST-0560,2024-10-12,,Basic,9.99,20,0,N/A,199.8,7,Medium
CUST-0561,2024-09-29,,Basic,9.99,12,0,N/A,119.88,9,Medium
CUST-0562,2024-03-02,,Basic,9.99,1,0,N/A,9.99,8,Low
CUST-0563,2024-03-24,,Basic,9.99,23,0,N/A,229.77,0,High
CUST-0564,2024-08-04,2026-05-26,Premium,29.99,22,1,No longer needed,659.78,9,High
CUST-0565,2024-12-07,2025-08-04,Basic,9.99,8,1,No longer needed,79.92,1,High
CUST-0566,2024-07-05,,Standard,19.99,5,0,N/A,99.95,6,Low
CUST-0567,2024-01-19,2025-04-13,Basic,9.99,15,1,Other,149.85,2,High
CUST-0568,2024-06-25,,Premium,29.99,1,0,N/A,29.99,1,High
CUST-0569,2024-04-09,,Basic,9.99,1,0,N/A,9.99,6,Low
CUST-0570,2024-08-20,,Basic,9.99,10,0,N/A,99.9,9,High
CUST-0571,2024-03-16,,Premium,29.99,22,0,N/A,659.78,3,Medium
CUST-0572,2024-09-21,,Premium,29.99,10,0,N/A,299.9,3,High
CUST-0573,2024-10-10,2026-07-02,Basic,9.99,21,1,No longer needed,209.79,4,Low
CUST-0574,2024-07-24,,Premium,29.99,15,0,N/A,449.85,9,High
CUST-0575,2024-08-10,2026-01-02,Basic,9.99,17,1,No longer needed,169.83,2,Medium
CUST-0576,2024-02-21,,Basic,9.99,22,0,N/A,219.78,2,High
CUST-0577,2024-12-04,2025-06-02,Basic,9.99,6,1,Poor customer service,59.94,6,Low
CUST-0578,2024-05-23,,Basic,9.99,3,0,N/A,29.97,8,Medium
CUST-0579,2024-03-09,,Standard,19.99,13,0,N/A,259.87,8,High
CUST-0580,2024-04-08,,Basic,9.99,16,0,N/A,159.84,5,Medium
CUST-0581,2024-01-25,,Basic,9.99,8,0,N/A,79.92,2,Medium
CUST-0582,2024-02-22,,Standard,19.99,15,0,N/A,299.85,7,Medium
CUST-0583,2024-05-30,2025-10-22,Standard,19.99,17,1,Found better alternative,339.83,2,Medium
CUST-0584,2024-05-23,,Basic,9.99,17,0,N/A,169.83,7,High
CUST-0585,2024-02-26,2025-12-17,Standard,19.99,22,1,Price too high,439.78,5,High
CUST-0586,2024-02-08,,Basic,9.99,13,0,N/A,129.87,1,Medium
CUST-0587,2024-04-18,2025-09-10,Standard,19.99,17,1,Found better alternative,339.83,1,Medium
CUST-0588,2024-06-29,,Standard,19.99,6,0,N/A,119.94,2,Medium
CUST-0589,2024-02-11,,Premium,29.99,17,0,N/A,509.83,8,High
CUST-0590,2024-07-04,2025-10-27,Basic,9.99,16,1,Price too high,159.84,1,Medium
CUST-0591,2024-08-10,,Basic,9.99,14,0,N/A,139.86,0,High
CUST-0592,2024-05-01,,Basic,9.99,13,0,N/A,129.87,8,Medium
CUST-0593,2024-05-12,,Basic,9.99,6,0,N/A,59.94,3,High
CUST-0594,2024-06-11,,Basic,9.99,3,0,N/A,29.97,1,Medium
CUST-0595,2024-08-02,,Premium,29.99,14,0,N/A,419.86,1,High
CUST-0596,2024-08-08,2025-10-02,Basic,9.99,14,1,Technical issues,139.86,0,Medium
CUST-0597,2024-08-22,,Basic,9.99,15,0,N/A,149.85,2,Medium
CUST-0598,2024-11-26,,Standard,19.99,8,0,N/A,159.92,6,Medium
CUST-0599,2024-05-25,,Basic,9.99,15,0,N/A,149.85,5,Medium
CUST-0600,2024-08-26,,Standard,19.99,22,0,N/A,439.78,9,High
CUST-0601,2024-03-16,,Basic,9.99,13,0,N/A,129.87,9,Medium
CUST-0602,2024-01-09,2025-06-02,Basic,9.99,17,1,Poor customer service,169.83,3,Medium
CUST-0603,2024-03-14,,Basic,9.99,21,0,N/A,209.79,8,Medium
CUST-0604,2024-09-09,2024-12-08,Basic,9.99,3,1,Other,29.97,1,High
CUST-0605,2024-08-17,,Premium,29.99,6,0,N/A,179.94,7,High
CUST-0606,2024-01-07,,Basic,9.99,5,0,N/A,49.95,1,Medium
CUST-0607,2024-06-22,,Standard,19.99,22,0,N/A,439.78,8,Low
CUST-0608,2024-05-20,,Basic,9.99,17,0,N/A,169.83,4,Low
CUST-0609,2024-06-16,,Basic,9.99,23,0,N/A,229.77,1,Medium
CUST-0610,2024-06-18,,Premium,29.99,2,0,N/A,59.98,5,Medium
CUST-0611,2024-10-09,2026-01-02,Basic,9.99,15,1,Technical issues,149.85,6,High
CUST-0612,2024-05-01,,Standard,19.99,5,0,N/A,99.95,9,Low
CUST-0613,2024-07-12,2026-03-04,Premium,29.99,20,1,Poor customer service,599.8,0,Low
CUST-0614,2024-01-05,,Standard,19.99,6,0,N/A,119.94,2,Medium
CUST-0615,2024-01-29,2024-07-27,Premium,29.99,6,1,Technical issues,179.94,5,Low
CUST-0616,2024-06-13,2025-12-05,Basic,9.99,18,1,Price too high,179.82,8,High
CUST-0617,2024-12-04,,Basic,9.99,18,0,N/A,179.82,0,Medium
CUST-0618,2024-05-15,2024-09-12,Basic,9.99,4,1,Technical issues,39.96,4,Medium
CUST-0619,2024-12-30,,Standard,19.99,17,0,N/A,339.83,6,Medium
CUST-0620,2024-11-16,2026-01-10,Premium,29.99,14,1,Technical issues,419.86,3,High
CUST-0621,2024-12-07,,Basic,9.99,14,0,N/A,139.86,4,High
CUST-0622,2024-05-24,,Standard,19.99,13,0,N/A,259.87,8,Low
CUST-0623,2024-11-22,2025-06-20,Basic,9.99,7,1,Price too high,69.93,0,Medium
CUST-0624,2024-08-04,,Standard,19.99,12,0,N/A,239.88,6,Medium
CUST-0625,2024-10-27,,Basic,9.99,23,0,N/A,229.77,1,High
CUST-0626,2024-05-11,2025-08-04,Premium,29.99,15,1,Found better alternative,449.85,6,Medium
CUST-0627,2024-10-18,,Standard,19.99,19,0,N/A,379.81,9,Medium
CUST-0628,2024-03-10,,Basic,9.99,11,0,N/A,109.89,9,Medium
CUST-0629,2024-09-08,,Basic,9.99,15,0,N/A,149.85,8,Medium
CUST-0630,2024-10-01,,Basic,9.99,12,0,N/A,119.88,0,High
CUST-0631,2024-12-29,2025-03-29,Basic,9.99,3,1,Found better alternative,29.97,3,High
CUST-0632,2024-06-30,,Basic,9.99,17,0,N/A,169.83,3,Medium
CUST-0633,2024-06-15,,Premium,29.99,3,0,N/A,89.97,0,Medium
CUST-0634,2024-03-31,,Standard,19.99,19,0,N/A,379.81,5,Low
CUST-0635,2024-07-20,2026-03-12,Standard,19.99,20,1,Technical issues,399.8,5,High
CUST-0636,2024-12-11,,Basic,9.99,4,0,N/A,39.96,3,Medium
CUST-0637,2024-01-19,,Premium,29.99,3,0,N/A,89.97,5,Low
CUST-0638,2024-02-08,2025-06-02,Standard,19.99,16,1,No longer needed,319.84,2,Low
CUST-0639,2024-05-05,,Basic,9.99,12,0,N/A,119.88,0,Medium
CUST-0640,2024-06-21,,Standard,19.99,8,0,N/A,159.92,9,High
CUST-0641,2024-05-20,,Standard,19.99,17,0,N/A,339.83,8,Low
CUST-0642,2024-08-29,,Basic,9.99,7,0,N/A,69.93,3,High
CUST-0643,2024-08-07,,Basic,9.99,11,0,N/A,109.89,9,Low
CUST-0644,2024-05-05,,Basic,9.99,18,0,N/A,179.82,9,Low
CUST-0645,2024-02-27,2024-03-28,Basic,9.99,1,1,Found better alternative,9.99,4,Medium
CUST-0646,2024-05-27,,Premium,29.99,3,0,N/A,89.97,9,Medium
CUST-0647,2024-11-12,2025-03-12,Premium,29.99,4,1,Poor customer service,119.96,9,Medium
CUST-0648,2024-12-26,,Standard,19.99,13,0,N/A,259.87,5,Medium
CUST-0649,2024-01-01,2024-06-29,Basic,9.99,6,1,Found better alternative,59.94,6,Medium
CUST-0650,2024-12-13,2026-02-06,Basic,9.99,14,1,Poor customer service,139.86,5,Medium
CUST-0651,2024-07-08,,Standard,19.99,5,0,N/A,99.95,1,High
CUST-0652,2024-07-09,,Standard,19.99,16,0,N/A,319.84,4,Low
CUST-0653,2024-11-07,,Basic,9.99,15,0,N/A,149.85,8,Low
CUST-0654,2024-04-26,2025-07-20,Standard,19.99,15,1,Other,299.85,9,High
CUST-0655,2024-05-13,2024-09-10,Premium,29.99,4,1,Technical issues,119.96,2,Medium
CUST-0656,2024-02-27,,Basic,9.99,8,0,N/A,79.92,1,Medium
CUST-0657,2024-02-13,,Basic,9.99,16,0,N/A,159.84,4,High
CUST-0658,2024-06-21,,Standard,19.99,16,0,N/A,319.84,5,Low
CUST-0659,2024-06-08,2024-10-06,Basic,9.99,4,1,Technical issues,39.96,8,Medium
CUST-0660,2024-06-21,,Basic,9.99,13,0,N/A,129.87,9,High
CUST-0661,2024-11-12,,Basic,9.99,13,0,N/A,129.87,9,Medium
CUST-0662,2024-10-29,,Basic,9.99,2,0,N/A,19.98,9,Medium
CUST-0663,2024-05-28,,Standard,19.99,3,0,N/A,59.97,0,High
CUST-0664,2024-03-20,2026-01-09,Standard,19.99,22,1,Other,439.78,7,High
CUST-0665,2024-07-31,,Basic,9.99,8,0,N/A,79.92,8,Medium
CUST-0666,2024-07-21,,Premium,29.99,15,0,N/A,449.85,1,High
CUST-0667,2024-09-08,,Premium,29.99,11,0,N/A,329.89,7,High
CUST-0668,2024-08-16,,Premium,29.99,9,0,N/A,269.91,7,High
CUST-0669,2024-06-12,,Basic,9.99,7,0,N/A,69.93,2,High
CUST-0670,2024-08-14,2025-09-08,Basic,9.99,13,1,Technical issues,129.87,5,Medium
CUST-0671,2024-05-26,2024-07-25,Premium,29.99,2,1,Poor customer service,59.98,4,Medium
CUST-0672,2024-01-20,,Standard,19.99,8,0,N/A,159.92,8,Medium
CUST-0673,2024-02-16,,Basic,9.99,7,0,N/A,69.93,8,High
CUST-0674,2024-08-20,2025-08-15,Basic,9.99,12,1,Other,119.88,6,Low
CUST-0675,2024-10-31,,Basic,9.99,19,0,N/A,189.81,2,Low
CUST-0676,2024-01-14,,Premium,29.99,7,0,N/A,209.93,0,High
CUST-0677,2024-05-22,2025-03-18,Standard,19.99,10,1,Found better alternative,199.9,9,Medium
CUST-0678,2024-01-01,2025-04-25,Basic,9.99,16,1,Technical issues,159.84,8,Medium
CUST-0679,2024-02-23,2024-05-23,Basic,9.99,3,1,Price too high,29.97,2,Low
CUST-0680,2024-09-15,2025-07-12,Standard,19.99,10,1,Price too high,199.9,6,Medium
CUST-0681,2024-05-23,2024-11-19,Premium,29.99,6,1,Poor customer service,179.94,2,Medium
CUST-0682,2024-01-12,,Basic,9.99,18,0,N/A,179.82,9,Medium
CUST-0683,2024-11-25,,Standard,19.99,18,0,N/A,359.82,0,Medium
CUST-0684,2024-08-11,,Premium,29.99,5,0,N/A,149.95,0,High
CUST-0685,2024-09-28,,Basic,9.99,21,0,N/A,209.79,9,Medium
CUST-0686,2024-12-23,,Standard,19.99,7,0,N/A,139.93,5,Medium
CUST-0687,2024-06-04,,Basic,9.99,2,0,N/A,19.98,4,Low
CUST-0688,2024-01-08,,Standard,19.99,11,0,N/A,219.89,9,Medium
CUST-0689,2024-05-01,,Standard,19.99,13,0,N/A,259.87,7,Medium
CUST-0690,2024-12-13,,Standard,19.99,23,0,N/A,459.77,7,Medium
CUST-0691,2024-06-12,,Standard,19.99,5,0,N/A,99.95,5,Low
CUST-0692,2024-03-30,,Basic,9.99,6,0,N/A,59.94,0,High
CUST-0693,2024-05-15,2025-07-09,Premium,29.99,14,1,No longer needed,419.86,9,Medium
CUST-0694,2024-07-04,,Standard,19.99,12,0,N/A,239.88,0,Low
CUST-0695,2024-11-11,,Basic,9.99,4,0,N/A,39.96,8,Medium
CUST-0696,2024-06-26,2026-05-17,Standard,19.99,23,1,Found better alternative,459.77,3,High
CUST-0697,2024-01-28,,Standard,19.99,6,0,N/A,119.94,4,High
CUST-0698,2024-08-07,,Basic,9.99,10,0,N/A,99.9,0,Medium
CUST-0699,2024-12-22,,Premium,29.99,18,0,N/A,539.82,9,Medium
CUST-0700,2024-02-10,,Premium,29.99,15,0,N/A,449.85,9,High
CUST-0701,2024-08-15,2025-04-12,Basic,9.99,8,1,No longer needed,79.92,9,High
CUST-0702,2024-07-10,,Premium,29.99,9,0,N/A,269.91,5,Low
CUST-0703,2024-05-24,,Basic,9.99,5,0,N/A,49.95,2,Medium
CUST-0704,2024-07-19,,Basic,9.99,10,0,N/A,99.9,9,Medium
CUST-0705,2024-07-30,,Basic,9.99,20,0,N/A,199.8,9,High
CUST-0706,2024-08-07,,Premium,29.99,6,0,N/A,179.94,5,Medium
CUST-0707,2024-08-27,,Standard,19.99,16,0,N/A,319.84,3,Medium
CUST-0708,2024-02-15,,Basic,9.99,3,0,N/A,29.97,4,Medium
CUST-0709,2024-02-04,,Basic,9.99,10,0,N/A,99.9,4,High
CUST-0710,2024-09-09,,Standard,19.99,11,0,N/A,219.89,4,Low
CUST-0711,2024-03-22,,Basic,9.99,11,0,N/A,109.89,5,Low
CUST-0712,2024-09-12,,Premium,29.99,17,0,N/A,509.83,0,Medium
CUST-0713,2024-07-15,2024-11-12,Premium,29.99,4,1,Found better alternative,119.96,5,Medium
CUST-0714,2024-10-29,,Standard,19.99,4,0,N/A,79.96,2,Medium
CUST-0715,2024-01-10,,Premium,29.99,17,0,N/A,509.83,4,Low
CUST-0716,2024-11-07,,Basic,9.99,9,0,N/A,89.91,2,High
CUST-0717,2024-10-12,,Premium,29.99,19,0,N/A,569.81,1,Medium
CUST-0718,2024-08-29,2025-01-26,Standard,19.99,5,1,Technical issues,99.95,0,High
CUST-0719,2024-09-07,,Standard,19.99,22,0,N/A,439.78,7,Low
CUST-0720,2024-12-30,2025-06-28,Basic,9.99,6,1,Price too high,59.94,7,High
CUST-0721,2024-01-05,,Premium,29.99,3,0,N/A,89.97,7,Medium
CUST-0722,2024-04-28,2026-02-17,Basic,9.99,22,1,Poor customer service,219.78,9,High
CUST-0723,2024-10-15,,Basic,9.99,1,0,N/A,9.99,2,Low
CUST-0724,2024-03-05,2025-10-26,Basic,9.99,20,1,Technical issues,199.8,3,Medium
CUST-0725,2024-05-25,,Standard,19.99,22,0,N/A,439.78,8,Medium
CUST-0726,2024-08-11,,Standard,19.99,16,0,N/A,319.84,5,High
CUST-0727,2024-08-26,,Standard,19.99,23,0,N/A,459.77,6,Low
CUST-0728,2024-06-25,,Premium,29.99,11,0,N/A,329.89,8,Medium
CUST-0729,2024-09-23,2025-10-18,Basic,9.99,13,1,Found better alternative,129.87,2,Low
CUST-0730,2024-12-06,,Standard,19.99,10,0,N/A,199.9,0,Medium
CUST-0731,2024-10-08,,Basic,9.99,3,0,N/A,29.97,0,Low
CUST-0732,2024-03-03,,Premium,29.99,9,0,N/A,269.91,7,High
CUST-0733,2024-08-04,,Premium,29.99,12,0,N/A,359.88,2,Medium
CUST-0734,2024-12-07,,Standard,19.99,23,0,N/A,459.77,1,High
CUST-0735,2024-11-10,,Standard,19.99,14,0,N/A,279.86,9,Medium
CUST-0736,2024-10-09,,Basic,9.99,1,0,N/A,9.99,4,High
CUST-0737,2024-06-25,2025-12-17,Basic,9.99,18,1,Found better alternative,179.82,3,Low
CUST-0738,2024-04-07,,Premium,29.99,17,0,N/A,509.83,4,Medium
CUST-0739,2024-04-14,,Basic,9.99,9,0,N/A,89.91,9,Medium
CUST-0740,2024-04-08,2025-01-03,Basic,9.99,9,1,Other,89.91,1,Medium
CUST-0741,2024-11-06,,Basic,9.99,23,0,N/A,229.77,6,Medium
CUST-0742,2024-01-06,,Premium,29.99,10,0,N/A,299.9,5,Medium
CUST-0743,2024-07-15,,Basic,9.99,19,0,N/A,189.81,0,Medium
CUST-0744,2024-12-16,,Basic,9.99,15,0,N/A,149.85,5,High
CUST-0745,2024-05-12,,Standard,19.99,5,0,N/A,99.95,2,Medium
CUST-0746,2024-12-23,2026-03-18,Premium,29.99,15,1,Found better alternative,449.85,1,Medium
CUST-0747,2024-09-15,,Basic,9.99,20,0,N/A,199.8,9,Medium
CUST-0748,2024-01-23,,Basic,9.99,23,0,N/A,229.77,9,High
CUST-0749,2024-02-22,2024-04-22,Basic,9.99,2,1,Poor customer service,19.98,6,Low
CUST-0750,2024-06-13,2025-07-08,Basic,9.99,13,1,Found better alternative,129.87,3,Low
CUST-0751,2024-07-20,,Basic,9.99,16,0,N/A,159.84,7,Medium
CUST-0752,2024-03-23,,Standard,19.99,15,0,N/A,299.85,4,Low
CUST-0753,2024-05-24,,Standard,19.99,10,0,N/A,199.9,2,Medium
CUST-0754,2024-03-25,2025-05-19,Standard,19.99,14,1,Technical issues,279.86,4,High
CUST-0755,2024-03-18,2025-01-12,Basic,9.99,10,1,Other,99.9,5,Medium
CUST-0756,2024-01-01,,Premium,29.99,14,0,N/A,419.86,4,Medium
CUST-0757,2024-02-20,,Basic,9.99,23,0,N/A,229.77,1,Medium
CUST-0758,2024-06-21,,Premium,29.99,9,0,N/A,269.91,3,High
CUST-0759,2024-07-23,2025-09-16,Standard,19.99,14,1,Poor customer service,279.86,0,Medium
CUST-0760,2024-09-16,,Basic,9.99,3,0,N/A,29.97,8,Medium
CUST-0761,2024-10-14,,Standard,19.99,20,0,N/A,399.8,6,Low
CUST-0762,2024-02-03,2025-05-28,Basic,9.99,16,1,Price too high,159.84,5,Low
CUST-0763,2024-12-13,,Standard,19.99,2,0,N/A,39.98,6,Low
CUST-0764,2024-04-04,,Basic,9.99,10,0,N/A,99.9,4,High
CUST-0765,2024-03-12,,Basic,9.99,3,0,N/A,29.97,3,High
CUST-0766,2024-02-08,,Premium,29.99,11,0,N/A,329.89,0,Low
CUST-0767,2024-06-02,,Basic,9.99,11,0,N/A,109.89,5,Medium
CUST-0768,2024-09-06,,Premium,29.99,21,0,N/A,629.79,8,Medium
CUST-0769,2024-06-10,,Basic,9.99,21,0,N/A,209.79,5,Medium
CUST-0770,2024-04-27,2026-02-16,Standard,19.99,22,1,Price too high,439.78,7,Low
CUST-0771,2024-09-15,,Standard,19.99,13,0,N/A,259.87,3,Low
CUST-0772,2024-11-01,,Standard,19.99,7,0,N/A,139.93,4,Medium
CUST-0773,2024-09-24,,Basic,9.99,23,0,N/A,229.77,1,Medium
CUST-0774,2024-02-23,2025-07-17,Basic,9.99,17,1,Price too high,169.83,0,Medium
CUST-0775,2024-08-23,2024-10-22,Basic,9.99,2,1,Other,19.98,2,Low
CUST-0776,2024-08-09,,Basic,9.99,12,0,N/A,119.88,3,Medium
CUST-0777,2024-09-07,,Standard,19.99,10,0,N/A,199.9,8,High
CUST-0778,2024-11-08,,Premium,29.99,18,0,N/A,539.82,2,Medium
CUST-0779,2024-04-21,,Premium,29.99,22,0,N/A,659.78,1,Low
CUST-0780,2024-09-11,,Standard,19.99,11,0,N/A,219.89,7,Medium
CUST-0781,2024-10-29,2026-02-21,Standard,19.99,16,1,Poor customer service,319.84,1,Medium
CUST-0782,2024-07-25,2025-12-17,Standard,19.99,17,1,Poor customer service,339.83,6,High
CUST-0783,2024-08-16,,Basic,9.99,19,0,N/A,189.81,5,High
CUST-0784,2024-12-06,2026-05-30,Premium,29.99,18,1,No longer needed,539.82,8,Medium
CUST-0785,2024-03-06,2024-06-04,Standard,19.99,3,1,Other,59.97,6,High
CUST-0786,2024-03-15,,Standard,19.99,21,0,N/A,419.79,7,High
CUST-0787,2024-04-12,,Basic,9.99,16,0,N/A,159.84,3,Low
CUST-0788,2024-07-10,2025-01-06,Basic,9.99,6,1,Poor customer service,59.94,3,Medium
CUST-0789,2024-09-08,,Basic,9.99,12,0,N/A,119.88,7,High
CUST-0790,2024-08-13,2025-07-09,Premium,29.99,11,1,No longer needed,329.89,4,Medium
CUST-0791,2024-10-20,2026-01-13,Standard,19.99,15,1,No longer needed,299.85,9,Medium
CUST-0792,2024-11-01,,Basic,9.99,15,0,N/A,149.85,3,High
CUST-0793,2024-04-07,2025-07-31,Premium,29.99,16,1,No longer needed,479.84,4,Low
CUST-0794,2024-12-03,2025-09-29,Basic,9.99,10,1,Technical issues,99.9,5,Medium
CUST-0795,2024-10-12,,Basic,9.99,12,0,N/A,119.88,3,High
CUST-0796,2024-11-30,,Basic,9.99,13,0,N/A,129.87,2,Medium
CUST-0797,2024-12-12,,Standard,19.99,4,0,N/A,79.96,9,Low
CUST-0798,2024-11-03,,Premium,29.99,7,0,N/A,209.93,7,Medium
CUST-0799,2024-09-05,,Basic,9.99,22,0,N/A,219.78,8,Low
CUST-0800,2024-06-14,,Premium,29.99,2,0,N/A,59.98,4,Medium
CUST-0801,2024-11-30,,Basic,9.99,15,0,N/A,149.85,9,Low
CUST-0802,2024-01-30,,Premium,29.99,8,0,N/A,239.92,9,Medium
CUST-0803,2024-09-03,2025-04-01,Standard,19.99,7,1,Poor customer service,139.93,4,Low
CUST-0804,2024-04-15,2025-07-09,Premium,29.99,15,1,Price too high,449.85,5,Medium
CUST-0805,2024-02-20,2026-01-10,Basic,9.99,23,1,Price too high,229.77,7,Medium
CUST-0806,2024-03-21,,Premium,29.99,14,0,N/A,419.86,2,Medium
CUST-0807,2024-05-12,2025-01-07,Standard,19.99,8,1,Poor customer service,159.92,3,Medium
CUST-0808,2024-10-11,2025-10-06,Basic,9.99,12,1,Other,119.88,4,Low
CUST-0809,2024-05-17,,Premium,29.99,13,0,N/A,389.87,8,Medium
CUST-0810,2024-07-02,,Basic,9.99,11,0,N/A,109.89,0,Medium
CUST-0811,2024-11-25,,Premium,29.99,17,0,N/A,509.83,7,Medium
CUST-0812,2024-09-29,2026-02-21,Basic,9.99,17,1,Price too high,169.83,1,Medium
CUST-0813,2024-12-05,,Standard,19.99,4,0,N/A,79.96,7,Medium
CUST-0814,2024-03-09,,Standard,19.99,21,0,N/A,419.79,2,Medium
CUST-0815,2024-02-03,,Basic,9.99,8,0,N/A,79.92,8,High
CUST-0816,2024-09-18,,Basic,9.99,5,0,N/A,49.95,8,Low
CUST-0817,2024-02-22,,Basic,9.99,16,0,N/A,159.84,7,High
CUST-0818,2024-07-23,,Basic,9.99,4,0,N/A,39.96,7,High
CUST-0819,2024-05-05,,Basic,9.99,22,0,N/A,219.78,7,Medium
CUST-0820,2024-08-22,2025-11-15,Standard,19.99,15,1,Other,299.85,4,Medium
CUST-0821,2024-02-12,,Basic,9.99,12,0,N/A,119.88,6,Medium
CUST-0822,2024-08-27,,Basic,9.99,5,0,N/A,49.95,2,Low
CUST-0823,2024-04-20,,Standard,19.99,23,0,N/A,459.77,0,Low
CUST-0824,2024-09-05,,Basic,9.99,16,0,N/A,159.84,3,Low
CUST-0825,2024-05-30,,Premium,29.99,14,0,N/A,419.86,7,High
CUST-0826,2024-07-01,,Premium,29.99,10,0,N/A,299.9,9,Medium
CUST-0827,2024-12-01,2025-06-29,Standard,19.99,7,1,Found better alternative,139.93,4,Low
CUST-0828,2024-04-04,2025-04-29,Standard,19.99,13,1,No longer needed,259.87,5,Medium
CUST-0829,2024-01-08,2025-08-30,Premium,29.99,20,1,Technical issues,599.8,8,Medium
CUST-0830,2024-12-25,,Basic,9.99,5,0,N/A,49.95,3,High
CUST-0831,2024-07-02,,Basic,9.99,3,0,N/A,29.97,4,Low
CUST-0832,2024-10-07,2025-12-31,Basic,9.99,15,1,No longer needed,149.85,8,Medium
CUST-0833,2024-07-13,,Standard,19.99,4,0,N/A,79.96,3,High
CUST-0834,2024-12-17,,Basic,9.99,15,0,N/A,149.85,7,High
CUST-0835,2024-07-13,,Standard,19.99,14,0,N/A,279.86,4,High
CUST-0836,2024-06-03,,Premium,29.99,20,0,N/A,599.8,0,High
CUST-0837,2024-04-02,,Premium,29.99,19,0,N/A,569.81,3,Medium
CUST-0838,2024-06-08,2025-07-03,Standard,19.99,13,1,Price too high,259.87,6,Low
CUST-0839,2024-03-01,,Basic,9.99,10,0,N/A,99.9,2,Medium
CUST-0840,2024-05-01,,Premium,29.99,21,0,N/A,629.79,5,High
CUST-0841,2024-02-20,2024-07-19,Standard,19.99,5,1,Other,99.95,5,Low
CUST-0842,2024-10-03,2026-08-24,Basic,9.99,23,1,No longer needed,229.77,5,High
CUST-0843,2024-01-05,,Basic,9.99,20,0,N/A,199.8,0,Low
CUST-0844,2024-04-01,,Premium,29.99,20,0,N/A,599.8,1,Medium
CUST-0845,2024-06-18,2024-12-15,Standard,19.99,6,1,Found better alternative,119.94,6,Medium
CUST-0846,2024-11-12,2025-03-12,Premium,29.99,4,1,No longer needed,119.96,8,Medium
CUST-0847,2024-01-22,,Premium,29.99,2,0,N/A,59.98,2,Medium
CUST-0848,2024-11-21,2026-09-12,Standard,19.99,22,1,No longer needed,439.78,2,Medium
CUST-0849,2024-01-01,,Standard,19.99,16,0,N/A,319.84,6,Low
CUST-0850,2024-05-12,,Basic,9.99,18,0,N/A,179.82,5,Low
CUST-0851,2024-08-20,,Basic,9.99,5,0,N/A,49.95,9,Low
CUST-0852,2024-01-12,,Basic,9.99,22,0,N/A,219.78,8,Medium
CUST-0853,2024-12-11,2025-04-10,Standard,19.99,4,1,No longer needed,79.96,4,Medium
CUST-0854,2024-02-15,,Standard,19.99,13,0,N/A,259.87,6,Low
CUST-0855,2024-02-03,,Premium,29.99,19,0,N/A,569.81,2,Medium
CUST-0856,2024-03-18,,Basic,9.99,23,0,N/A,229.77,8,Medium
CUST-0857,2024-08-05,,Standard,19.99,2,0,N/A,39.98,9,Medium
CUST-0858,2024-10-27,,Standard,19.99,13,0,N/A,259.87,3,High
CUST-0859,2024-03-13,,Standard,19.99,11,0,N/A,219.89,1,High
CUST-0860,2024-10-08,,Standard,19.99,22,0,N/A,439.78,7,High
CUST-0861,2024-09-05,2025-01-03,Basic,9.99,4,1,Other,39.96,7,Medium
CUST-0862,2024-02-16,,Standard,19.99,22,0,N/A,439.78,6,Medium
CUST-0863,2024-04-30,,Basic,9.99,20,0,N/A,199.8,3,High
CUST-0864,2024-08-01,2026-03-24,Basic,9.99,20,1,Technical issues,199.8,0,Medium
CUST-0865,2024-08-26,,Basic,9.99,15,0,N/A,149.85,9,Medium
CUST-0866,2024-02-25,,Standard,19.99,4,0,N/A,79.96,9,Medium
CUST-0867,2024-12-15,2025-09-11,Premium,29.99,9,1,Poor customer service,269.91,6,High
CUST-0868,2024-04-16,,Standard,19.99,7,0,N/A,139.93,4,Medium
CUST-0869,2024-11-14,,Standard,19.99,19,0,N/A,379.81,8,Medium
CUST-0870,2024-02-17,,Standard,19.99,19,0,N/A,379.81,7,High
CUST-0871,2024-03-01,,Standard,19.99,6,0,N/A,119.94,6,Low
CUST-0872,2024-12-02,2025-05-31,Basic,9.99,6,1,Technical issues,59.94,4,Medium
CUST-0873,2024-01-26,,Basic,9.99,20,0,N/A,199.8,8,High
CUST-0874,2024-10-18,2026-01-11,Basic,9.99,15,1,Price too high,149.85,5,Low
CUST-0875,2024-09-13,2025-12-07,Basic,9.99,15,1,Found better alternative,149.85,2,High
CUST-0876,2024-01-08,,Basic,9.99,20,0,N/A,199.8,5,Medium
CUST-0877,2024-04-22,,Basic,9.99,9,0,N/A,89.91,1,Medium
CUST-0878,2024-12-20,,Basic,9.99,4,0,N/A,39.96,8,Low
CUST-0879,2024-09-09,,Premium,29.99,18,0,N/A,539.82,9,Low
CUST-0880,2024-06-28,,Basic,9.99,18,0,N/A,179.82,2,High
CUST-0881,2024-07-25,2024-12-22,Basic,9.99,5,1,Price too high,49.95,0,Medium
CUST-0882,2024-10-29,2026-06-21,Basic,9.99,20,1,Found better alternative,199.8,8,High
CUST-0883,2024-05-06,,Standard,19.99,23,0,N/A,459.77,2,High
CUST-0884,2024-02-25,,Basic,9.99,11,0,N/A,109.89,2,High
CUST-0885,2024-08-01,2024-12-29,Basic,9.99,5,1,No longer needed,49.95,4,Low
CUST-0886,2024-01-14,,Standard,19.99,22,0,N/A,439.78,0,Medium
CUST-0887,2024-01-28,2024-05-27,Basic,9.99,4,1,Poor customer service,39.96,9,Medium
CUST-0888,2024-03-18,,Basic,9.99,12,0,N/A,119.88,9,High
CUST-0889,2024-08-03,,Basic,9.99,2,0,N/A,19.98,9,High
CUST-0890,2024-12-30,2026-01-24,Basic,9.99,13,1,Price too high,129.87,5,Medium
CUST-0891,2024-06-02,,Basic,9.99,10,0,N/A,99.9,8,Medium
CUST-0892,2024-01-14,2024-10-10,Basic,9.99,9,1,Found better alternative,89.91,3,Medium
CUST-0893,2024-07-05,2025-05-01,Premium,29.99,10,1,No longer needed,299.9,4,High
CUST-0894,2024-11-07,,Standard,19.99,7,0,N/A,139.93,9,High
CUST-0895,2024-01-07,,Standard,19.99,4,0,N/A,79.96,7,High
CUST-0896,2024-01-03,2025-07-26,Basic,9.99,19,1,Found better alternative,189.81,4,Low
CUST-0897,2024-04-20,2025-02-14,Premium,29.99,10,1,Technical issues,299.9,8,High
CUST-0898,2024-08-25,,Basic,9.99,3,0,N/A,29.97,1,Low
CUST-0899,2024-12-28,2026-09-19,Basic,9.99,21,1,Found better alternative,209.79,8,High
CUST-0900,2024-08-26,,Standard,19.99,19,0,N/A,379.81,6,Medium
CUST-0901,2024-09-30,,Basic,9.99,21,0,N/A,209.79,5,Medium
CUST-0902,2024-10-20,2024-12-19,Basic,9.99,2,1,Other,19.98,0,Medium
CUST-0903,2024-08-14,,Standard,19.99,20,0,N/A,399.8,2,High
CUST-0904,2024-01-15,2024-11-10,Premium,29.99,10,1,Poor customer service,299.9,2,Medium
CUST-0905,2024-07-10,,Basic,9.99,2,0,N/A,19.98,9,High
CUST-0906,2024-04-28,,Standard,19.99,2,0,N/A,39.98,4,Medium
CUST-0907,2024-01-28,,Premium,29.99,17,0,N/A,509.83,8,Medium
CUST-0908,2024-07-20,,Basic,9.99,16,0,N/A,159.84,1,Medium
CUST-0909,2024-02-08,,Basic,9.99,16,0,N/A,159.84,6,Medium
CUST-0910,2024-09-29,,Basic,9.99,14,0,N/A,139.86,9,Medium
CUST-0911,2024-08-18,,Basic,9.99,7,0,N/A,69.93,2,High
CUST-0912,2024-03-26,,Basic,9.99,21,0,N/A,209.79,1,Medium
CUST-0913,2024-05-05,,Premium,29.99,11,0,N/A,329.89,3,Medium
CUST-0914,2024-10-26,2024-11-25,Standard,19.99,1,1,Found better alternative,19.99,9,High
CUST-0915,2024-01-25,,Standard,19.99,11,0,N/A,219.89,2,High
CUST-0916,2024-05-24,,Basic,9.99,23,0,N/A,229.77,2,Low
CUST-0917,2024-01-13,,Premium,29.99,21,0,N/A,629.79,3,High
CUST-0918,2024-07-30,,Premium,29.99,4,0,N/A,119.96,9,Low
CUST-0919,2024-01-25,,Premium,29.99,7,0,N/A,209.93,6,Medium
CUST-0920,2024-03-08,,Basic,9.99,15,0,N/A,149.85,2,High
CUST-0921,2024-03-07,,Standard,19.99,18,0,N/A,359.82,9,Medium
CUST-0922,2024-08-20,2025-08-15,Basic,9.99,12,1,Found better alternative,119.88,2,Low
CUST-0923,2024-04-18,2025-09-10,Basic,9.99,17,1,Found better alternative,169.83,2,High
CUST-0924,2024-05-25,,Basic,9.99,1,0,N/A,9.99,2,Low
CUST-0925,2024-04-20,,Standard,19.99,11,0,N/A,219.89,3,High
CUST-0926,2024-08-15,,Standard,19.99,1,0,N/A,19.99,0,Medium
CUST-0927,2024-04-20,,Basic,9.99,15,0,N/A,149.85,2,Medium
CUST-0928,2024-02-03,,Basic,9.99,21,0,N/A,209.79,5,Medium
CUST-0929,2024-04-20,,Basic,9.99,10,0,N/A,99.9,6,Low
CUST-0930,2024-09-20,,Basic,9.99,7,0,N/A,69.93,9,Medium
CUST-0931,2024-08-23,,Basic,9.99,2,0,N/A,19.98,1,Low
CUST-0932,2024-03-23,,Basic,9.99,10,0,N/A,99.9,9,Low
CUST-0933,2024-02-11,,Standard,19.99,4,0,N/A,79.96,9,High
CUST-0934,2024-04-10,,Basic,9.99,12,0,N/A,119.88,7,Medium
CUST-0935,2024-01-06,,Basic,9.99,19,0,N/A,189.81,2,Medium
CUST-0936,2024-06-28,,Basic,9.99,11,0,N/A,109.89,8,High
CUST-0937,2024-10-08,,Premium,29.99,8,0,N/A,239.92,5,Medium
CUST-0938,2024-11-15,,Standard,19.99,18,0,N/A,359.82,5,High
CUST-0939,2024-08-13,,Standard,19.99,11,0,N/A,219.89,5,Low
CUST-0940,2024-11-10,,Basic,9.99,11,0,N/A,109.89,7,Medium
CUST-0941,2024-12-30,,Standard,19.99,13,0,N/A,259.87,1,Medium
CUST-0942,2024-08-16,,Basic,9.99,3,0,N/A,29.97,4,High
CUST-0943,2024-10-15,,Standard,19.99,12,0,N/A,239.88,2,High
CUST-0944,2024-05-29,,Premium,29.99,3,0,N/A,89.97,0,Low
CUST-0945,2024-10-03,,Standard,19.99,10,0,N/A,199.9,4,High
CUST-0946,2024-07-16,,Premium,29.99,17,0,N/A,509.83,3,Medium
CUST-0947,2024-03-10,2025-12-30,Standard,19.99,22,1,No longer needed,439.78,1,Medium
CUST-0948,2024-04-21,,Basic,9.99,2,0,N/A,19.98,0,High
CUST-0949,2024-01-04,,Premium,29.99,17,0,N/A,509.83,2,Medium
CUST-0950,2024-12-15,2026-04-09,Basic,9.99,16,1,Technical issues,159.84,7,Medium
CUST-0951,2024-11-26,2025-01-25,Standard,19.99,2,1,Technical issues,39.98,7,High
CUST-0952,2024-11-13,,Basic,9.99,22,0,N/A,219.78,7,Medium
CUST-0953,2024-12-15,,Basic,9.99,20,0,N/A,199.8,7,Medium
CUST-0954,2024-04-04,,Basic,9.99,6,0,N/A,59.94,1,Low
CUST-0955,2024-05-31,,Basic,9.99,10,0,N/A,99.9,7,Medium
CUST-0956,2024-11-06,,Basic,9.99,10,0,N/A,99.9,2,Medium
CUST-0957,2024-05-16,,Standard,19.99,8,0,N/A,159.92,1,High
CUST-0958,2024-09-03,,Basic,9.99,1,0,N/A,9.99,8,Low
CUST-0959,2024-08-30,2025-09-24,Basic,9.99,13,1,Poor customer service,129.87,4,Low
CUST-0960,2024-01-31,2024-10-27,Standard,19.99,9,1,Poor customer service,179.91,1,High
CUST-0961,2024-02-09,,Basic,9.99,22,0,N/A,219.78,5,High
CUST-0962,2024-08-16,,Standard,19.99,10,0,N/A,199.9,5,High
CUST-0963,2024-02-05,,Standard,19.99,15,0,N/A,299.85,3,Medium
CUST-0964,2024-08-10,2025-01-07,Premium,29.99,5,1,Price too high,149.95,5,Medium
CUST-0965,2024-01-06,,Standard,19.99,22,0,N/A,439.78,4,High
CUST-0966,2024-11-17,,Basic,9.99,16,0,N/A,159.84,8,Medium
CUST-0967,2024-08-07,,Standard,19.99,13,0,N/A,259.87,5,Low
CUST-0968,2024-03-15,,Basic,9.99,22,0,N/A,219.78,4,Low
CUST-0969,2024-01-04,,Basic,9.99,20,0,N/A,199.8,8,Low
CUST-0970,2024-11-30,2026-05-24,Standard,19.99,18,1,No longer needed,359.82,6,Medium
CUST-0971,2024-05-13,,Basic,9.99,11,0,N/A,109.89,5,Medium
CUST-0972,2024-04-27,,Standard,19.99,9,0,N/A,179.91,6,High
CUST-0973,2024-04-03,,Premium,29.99,16,0,N/A,479.84,9,Low
CUST-0974,2024-03-02,,Premium,29.99,2,0,N/A,59.98,7,High
CUST-0975,2024-07-12,2024-09-10,Premium,29.99,2,1,Found better alternative,59.98,3,Medium
CUST-0976,2024-11-30,2025-11-25,Basic,9.99,12,1,No longer needed,119.88,2,Medium
CUST-0977,2024-07-21,2025-03-18,Basic,9.99,8,1,No longer needed,79.92,9,High
CUST-0978,2024-01-26,2024-10-22,Standard,19.99,9,1,No longer needed,179.91,2,Medium
CUST-0979,2024-06-21,,Basic,9.99,12,0,N/A,119.88,4,High
CUST-0980,2024-10-26,,Standard,19.99,9,0,N/A,179.91,5,Medium
CUST-0981,2024-05-12,,Standard,19.99,10,0,N/A,199.9,3,Medium
CUST-0982,2024-11-21,2025-01-20,Standard,19.99,2,1,Found better alternative,39.98,3,Medium
CUST-0983,2024-04-27,,Basic,9.99,16,0,N/A,159.84,0,Low
CUST-0984,2024-11-19,,Basic,9.99,20,0,N/A,199.8,2,Medium
CUST-0985,2024-10-01,2025-04-29,Basic,9.99,7,1,Other,69.93,6,High
CUST-0986,2024-07-30,,Basic,9.99,2,0,N/A,19.98,7,High
CUST-0987,2024-08-12,,Premium,29.99,1,0,N/A,29.99,5,Medium
CUST-0988,2024-01-20,,Basic,9.99,19,0,N/A,189.81,8,Low
CUST-0989,2024-04-22,,Basic,9.99,4,0,N/A,39.96,6,Medium
CUST-0990,2024-05-19,,Basic,9.99,22,0,N/A,219.78,0,Medium
CUST-0991,2024-02-16,2024-04-16,Standard,19.99,2,1,Technical issues,39.98,4,High
CUST-0992,2024-01-01,,Standard,19.99,14,0,N/A,279.86,6,Medium
CUST-0993,2024-03-30,2024-05-29,Basic,9.99,2,1,Poor customer service,19.98,6,Low
CUST-0994,2024-05-21,,Basic,9.99,15,0,N/A,149.85,5,Medium
CUST-0995,2024-11-15,,Basic,9.99,12,0,N/A,119.88,7,Low
CUST-0996,2024-02-07,2024-07-06,Basic,9.99,5,1,Other,49.95,5,Medium
CUST-0997,2024-10-19,,Standard,19.99,20,0,N/A,399.8,5,High
CUST-0998,2024-05-18,,Standard,19.99,7,0,N/A,139.93,4,Medium
CUST-0999,2024-12-21,2026-09-12,Basic,9.99,21,1,Technical issues,209.79,7,High
CUST-1000,2024-11-28,,Basic,9.99,10,0,N/A,99.9,1,High
CUST-1001,2024-09-15,,Premium,29.99,14,0,N/A,419.86,6,Medium
CUST-1002,2024-06-09,,Basic,9.99,14,0,N/A,139.86,4,High
CUST-1003,2024-06-26,,Standard,19.99,5,0,N/A,99.95,4,Low
CUST-1004,2024-01-10,,Basic,9.99,18,0,N/A,179.82,3,Medium
CUST-1005,2024-09-17,,Basic,9.99,14,0,N/A,139.86,3,Medium
CUST-1006,2024-05-17,2024-07-16,Basic,9.99,2,1,Price too high,19.98,1,Low
CUST-1007,2024-06-20,2025-06-15,Standard,19.99,12,1,Found better alternative,239.88,4,High
CUST-1008,2024-01-13,,Premium,29.99,22,0,N/A,659.78,1,High
CUST-1009,2024-06-16,,Basic,9.99,6,0,N/A,59.94,4,Low
CUST-1010,2024-05-09,,Basic,9.99,4,0,N/A,39.96,0,Medium
CUST-1011,2024-03-24,,Basic,9.99,13,0,N/A,129.87,6,Low
CUST-1012,2024-11-16,,Basic,9.99,4,0,N/A,39.96,7,Medium
CUST-1013,2024-11-14,2026-09-05,Basic,9.99,22,1,Other,219.78,7,Medium
CUST-1014,2024-04-10,2025-06-04,Basic,9.99,14,1,Poor customer service,139.86,8,Medium
CUST-1015,2024-11-24,,Standard,19.99,16,0,N/A,319.84,9,High
CUST-1016,2024-09-29,,Basic,9.99,4,0,N/A,39.96,5,High
CUST-1017,2024-09-21,,Basic,9.99,1,0,N/A,9.99,4,Medium
CUST-1018,2024-02-07,,Premium,29.99,13,0,N/A,389.87,2,Medium
CUST-1019,2024-04-03,,Basic,9.99,4,0,N/A,39.96,6,Medium
CUST-1020,2024-04-04,2025-11-25,Premium,29.99,20,1,No longer needed,599.8,1,Low
CUST-1021,2024-10-31,,Basic,9.99,18,0,N/A,179.82,9,Low
CUST-1022,2024-03-09,2024-09-05,Premium,29.99,6,1,Poor customer service,179.94,9,High
CUST-1023,2024-11-13,,Standard,19.99,3,0,N/A,59.97,0,High
CUST-1024,2024-08-23,,Premium,29.99,23,0,N/A,689.77,8,Low
CUST-1025,2024-11-29,,Premium,29.99,13,0,N/A,389.87,9,Low
CUST-1026,2024-05-16,,Basic,9.99,16,0,N/A,159.84,5,Medium
CUST-1027,2024-03-16,,Premium,29.99,5,0,N/A,149.95,3,Low
CUST-1028,2024-02-04,,Basic,9.99,4,0,N/A,39.96,3,Medium
CUST-1029,2024-01-01,2025-09-22,Basic,9.99,21,1,Poor customer service,209.79,7,Medium
CUST-1030,2024-10-22,,Basic,9.99,8,0,N/A,79.92,6,Medium
CUST-1031,2024-11-15,,Standard,19.99,19,0,N/A,379.81,8,Low
CUST-1032,2024-02-29,2025-04-24,Basic,9.99,14,1,Price too high,139.86,6,Medium
CUST-1033,2024-11-15,2025-06-13,Standard,19.99,7,1,Technical issues,139.93,8,Low
CUST-1034,2024-12-14,2026-02-07,Standard,19.99,14,1,Other,279.86,3,High
CUST-1035,2024-11-23,,Standard,19.99,6,0,N/A,119.94,2,Medium
CUST-1036,2024-09-23,2025-09-18,Premium,29.99,12,1,Other,359.88,7,Low
CUST-1037,2024-12-26,,Basic,9.99,16,0,N/A,159.84,5,High
CUST-1038,2024-08-16,,Basic,9.99,17,0,N/A,169.83,1,Low
CUST-1039,2024-09-26,,Basic,9.99,13,0,N/A,129.87,7,High
CUST-1040,2024-11-11,,Basic,9.99,23,0,N/A,229.77,9,Low
CUST-1041,2024-10-12,,Basic,9.99,14,0,N/A,139.86,0,Medium
CUST-1042,2024-10-17,,Basic,9.99,7,0,N/A,69.93,0,High
CUST-1043,2024-07-31,,Basic,9.99,14,0,N/A,139.86,8,Low
CUST-1044,2024-06-13,,Premium,29.99,15,0,N/A,449.85,4,Medium
CUST-1045,2024-01-05,,Standard,19.99,12,0,N/A,239.88,8,Low
CUST-1046,2024-12-04,2026-04-28,Basic,9.99,17,1,Price too high,169.83,9,Medium
CUST-1047,2024-03-18,2024-12-13,Standard,19.99,9,1,Other,179.91,8,Low
CUST-1048,2024-03-02,,Basic,9.99,22,0,N/A,219.78,3,High
CUST-1049,2024-05-11,2025-08-04,Basic,9.99,15,1,Other,149.85,5,Medium
CUST-1050,2024-03-29,,Standard,19.99,12,0,N/A,239.88,3,Low
CUST-1051,2024-08-24,,Basic,9.99,2,0,N/A,19.98,7,Medium
CUST-1052,2024-02-11,,Basic,9.99,5,0,N/A,49.95,1,High
CUST-1053,2024-03-29,,Premium,29.99,13,0,N/A,389.87,3,Medium
CUST-1054,2024-10-22,2026-06-14,Premium,29.99,20,1,Poor customer service,599.8,5,High
CUST-1055,2024-11-23,,Standard,19.99,23,0,N/A,459.77,6,Medium
CUST-1056,2024-10-21,,Standard,19.99,8,0,N/A,159.92,4,High
CUST-1057,2024-04-13,,Standard,19.99,14,0,N/A,279.86,9,Medium
CUST-1058,2024-01-14,,Basic,9.99,15,0,N/A,149.85,6,Low
CUST-1059,2024-10-14,2025-09-09,Basic,9.99,11,1,Other,109.89,4,High
CUST-1060,2024-06-27,2024-07-27,Basic,9.99,1,1,Found better alternative,9.99,9,Medium
CUST-1061,2024-05-04,,Basic,9.99,21,0,N/A,209.79,1,Medium
CUST-1062,2024-12-18,2025-03-18,Standard,19.99,3,1,Other,59.97,8,Medium
CUST-1063,2024-01-23,,Basic,9.99,17,0,N/A,169.83,4,Medium
CUST-1064,2024-03-03,2025-09-24,Premium,29.99,19,1,No longer needed,569.81,0,Medium
CUST-1065,2024-05-22,,Premium,29.99,14,0,N/A,419.86,6,Low
CUST-1066,2024-06-01,,Standard,19.99,22,0,N/A,439.78,5,Low
CUST-1067,2024-05-24,,Standard,19.99,23,0,N/A,459.77,0,Medium
CUST-1068,2024-08-12,,Premium,29.99,8,0,N/A,239.92,0,Medium
CUST-1069,2024-11-04,,Basic,9.99,13,0,N/A,129.87,3,Low
CUST-1070,2024-04-13,,Standard,19.99,20,0,N/A,399.8,3,Medium
CUST-1071,2024-04-13,,Basic,9.99,3,0,N/A,29.97,6,Medium
CUST-1072,2024-02-08,2024-07-07,Standard,19.99,5,1,No longer needed,99.95,8,Medium
CUST-1073,2024-07-16,,Basic,9.99,9,0,N/A,89.91,9,Medium
CUST-1074,2024-05-13,,Premium,29.99,6,0,N/A,179.94,2,High
CUST-1075,2024-03-07,,Premium,29.99,22,0,N/A,659.78,1,Medium
CUST-1076,2024-06-27,2024-08-26,Basic,9.99,2,1,Poor customer service,19.98,0,Medium
CUST-1077,2024-02-11,,Basic,9.99,13,0,N/A,129.87,3,Medium
CUST-1078,2024-01-15,2024-06-13,Premium,29.99,5,1,Technical issues,149.95,4,Low
CUST-1079,2024-04-20,2024-12-16,Basic,9.99,8,1,Price too high,79.92,7,Low
CUST-1080,2024-06-05,,Premium,29.99,23,0,N/A,689.77,9,Low
CUST-1081,2024-10-15,,Standard,19.99,1,0,N/A,19.99,1,Medium
CUST-1082,2024-08-18,,Basic,9.99,20,0,N/A,199.8,0,Medium
CUST-1083,2024-06-05,,Basic,9.99,12,0,N/A,119.88,1,Medium
CUST-1084,2024-02-07,2025-12-28,Basic,9.99,23,1,Price too high,229.77,8,Medium
CUST-1085,2024-04-06,2025-03-02,Standard,19.99,11,1,Poor customer service,219.89,4,Medium
CUST-1086,2024-10-15,,Basic,9.99,7,0,N/A,69.93,5,High
CUST-1087,2024-09-10,,Standard,19.99,15,0,N/A,299.85,0,Low
CUST-1088,2024-07-14,2026-05-05,Basic,9.99,22,1,Price too high,219.78,0,Medium
CUST-1089,2024-03-26,,Standard,19.99,11,0,N/A,219.89,5,Low
CUST-1090,2024-11-17,,Premium,29.99,22,0,N/A,659.78,0,Medium
CUST-1091,2024-01-10,,Premium,29.99,16,0,N/A,479.84,2,Medium
CUST-1092,2024-01-05,,Basic,9.99,3,0,N/A,29.97,2,High
CUST-1093,2024-05-02,2025-12-23,Premium,29.99,20,1,Technical issues,599.8,6,Medium
CUST-1094,2024-11-25,,Standard,19.99,14,0,N/A,279.86,2,Medium
CUST-1095,2024-12-18,,Standard,19.99,3,0,N/A,59.97,8,Medium
CUST-1096,2024-04-27,2024-05-27,Premium,29.99,1,1,Other,29.99,6,Low
CUST-1097,2024-10-20,,Basic,9.99,21,0,N/A,209.79,6,Medium
CUST-1098,2024-06-07,2025-08-31,Basic,9.99,15,1,Found better alternative,149.85,9,Medium
CUST-1099,2024-10-29,,Premium,29.99,1,0,N/A,29.99,8,Low
CUST-1100,2024-08-15,,Basic,9.99,17,0,N/A,169.83,9,High
CUST-1101,2024-12-30,2025-02-28,Premium,29.99,2,1,Other,59.98,0,High
CUST-1102,2024-08-03,,Premium,29.99,20,0,N/A,599.8,9,High
CUST-1103,2024-07-02,,Basic,9.99,6,0,N/A,59.94,7,Medium
CUST-1104,2024-01-15,,Premium,29.99,8,0,N/A,239.92,1,Medium
CUST-1105,2024-06-05,,Basic,9.99,16,0,N/A,159.84,8,Low
CUST-1106,2024-05-15,,Standard,19.99,19,0,N/A,379.81,9,Medium
CUST-1107,2024-09-17,2024-10-17,Standard,19.99,1,1,Technical issues,19.99,3,High
CUST-1108,2024-06-05,2024-09-03,Premium,29.99,3,1,Found better alternative,89.97,6,Low
CUST-1109,2024-02-16,2024-05-16,Basic,9.99,3,1,Other,29.97,7,Medium
CUST-1110,2024-11-19,,Basic,9.99,5,0,N/A,49.95,0,Medium
CUST-1111,2024-11-27,,Standard,19.99,12,0,N/A,239.88,5,High
CUST-1112,2024-06-21,,Standard,19.99,12,0,N/A,239.88,6,Medium
CUST-1113,2024-05-09,2025-12-30,Standard,19.99,20,1,No longer needed,399.8,7,High
CUST-1114,2024-04-04,,Basic,9.99,13,0,N/A,129.87,7,Medium
CUST-1115,2024-04-24,,Basic,9.99,20,0,N/A,199.8,1,Medium
CUST-1116,2024-08-30,2025-05-27,Basic,9.99,9,1,Technical issues,89.91,8,High
CUST-1117,2024-10-18,,Premium,29.99,7,0,N/A,209.93,0,High
CUST-1118,2024-10-08,,Basic,9.99,4,0,N/A,39.96,4,Low
CUST-1119,2024-10-25,2026-05-18,Basic,9.99,19,1,Poor customer service,189.81,7,High
CUST-1120,2024-10-09,2026-07-31,Premium,29.99,22,1,Technical issues,659.78,6,Low
CUST-1121,2024-03-09,,Basic,9.99,19,0,N/A,189.81,0,Medium
CUST-1122,2024-05-27,,Premium,29.99,6,0,N/A,179.94,6,High
CUST-1123,2024-01-11,2025-02-04,Standard,19.99,13,1,No longer needed,259.87,1,High
CUST-1124,2024-09-10,,Premium,29.99,11,0,N/A,329.89,9,High
CUST-1125,2024-11-25,,Basic,9.99,13,0,N/A,129.87,8,Medium
CUST-1126,2024-12-25,,Basic,9.99,13,0,N/A,129.87,4,High
CUST-1127,2024-02-07,,Standard,19.99,22,0,N/A,439.78,2,Medium
CUST-1128,2024-05-13,,Premium,29.99,20,0,N/A,599.8,1,Low
CUST-1129,2024-07-18,,Standard,19.99,15,0,N/A,299.85,9,High
CUST-1130,2024-01-23,,Basic,9.99,21,0,N/A,209.79,4,High
CUST-1131,2024-10-29,,Standard,19.99,13,0,N/A,259.87,8,Low
CUST-1132,2024-12-11,2026-10-02,Standard,19.99,22,1,Other,439.78,3,High
CUST-1133,2024-10-28,2025-09-23,Standard,19.99,11,1,Other,219.89,2,Low
CUST-1134,2024-12-28,2026-07-21,Standard,19.99,19,1,Other,379.81,1,High
CUST-1135,2024-08-05,,Premium,29.99,8,0,N/A,239.92,0,Medium
CUST-1136,2024-05-20,,Standard,19.99,20,0,N/A,399.8,8,High
CUST-1137,2024-04-13,,Basic,9.99,8,0,N/A,79.92,6,High
CUST-1138,2024-07-28,2025-05-24,Basic,9.99,10,1,Technical issues,99.9,6,Medium
CUST-1139,2024-04-20,,Basic,9.99,16,0,N/A,159.84,0,Medium
CUST-1140,2024-04-13,,Basic,9.99,19,0,N/A,189.81,7,Medium
CUST-1141,2024-11-11,2026-10-02,Basic,9.99,23,1,Poor customer service,229.77,7,Medium
CUST-1142,2024-06-19,,Basic,9.99,11,0,N/A,109.89,1,Medium
CUST-1143,2024-12-21,,Basic,9.99,13,0,N/A,129.87,0,High
CUST-1144,2024-11-19,2025-08-16,Basic,9.99,9,1,Price too high,89.91,5,High
CUST-1145,2024-05-12,2026-01-02,Premium,29.99,20,1,Found better alternative,599.8,9,High
CUST-1146,2024-10-19,,Premium,29.99,19,0,N/A,569.81,3,Medium
CUST-1147,2024-11-23,2026-03-18,Basic,9.99,16,1,Technical issues,159.84,4,Medium
CUST-1148,2024-05-06,,Premium,29.99,7,0,N/A,209.93,3,Medium
CUST-1149,2024-04-15,2025-11-06,Standard,19.99,19,1,Technical issues,379.81,0,High
CUST-1150,2024-04-01,,Basic,9.99,12,0,N/A,119.88,6,Medium
CUST-1151,2024-10-13,,Basic,9.99,15,0,N/A,149.85,1,High
CUST-1152,2024-02-20,,Standard,19.99,23,0,N/A,459.77,9,Low
CUST-1153,2024-01-29,2025-03-24,Standard,19.99,14,1,No longer needed,279.86,9,Medium
CUST-1154,2024-10-22,,Standard,19.99,11,0,N/A,219.89,7,Medium
CUST-1155,2024-10-23,,Basic,9.99,10,0,N/A,99.9,7,Medium
CUST-1156,2024-08-01,,Basic,9.99,11,0,N/A,109.89,8,Low
CUST-1157,2024-09-23,2025-03-22,Basic,9.99,6,1,Found better alternative,59.94,1,High
CUST-1158,2024-09-13,,Basic,9.99,2,0,N/A,19.98,9,Medium
CUST-1159,2024-10-28,,Basic,9.99,11,0,N/A,109.89,9,High
CUST-1160,2024-04-10,,Basic,9.99,19,0,N/A,189.81,3,Low
CUST-1161,2024-12-11,,Premium,29.99,6,0,N/A,179.94,9,Medium
CUST-1162,2024-04-19,,Premium,29.99,14,0,N/A,419.86,8,Medium
CUST-1163,2024-06-30,,Basic,9.99,20,0,N/A,199.8,4,Medium
CUST-1164,2024-11-08,,Premium,29.99,6,0,N/A,179.94,5,Medium
CUST-1165,2024-01-01,,Basic,9.99,17,0,N/A,169.83,2,Medium
CUST-1166,2024-11-14,2025-09-10,Basic,9.99,10,1,Price too high,99.9,2,High
CUST-1167,2024-02-24,,Basic,9.99,1,0,N/A,9.99,0,Medium
CUST-1168,2024-05-28,,Standard,19.99,3,0,N/A,59.97,7,Medium
CUST-1169,2024-11-04,2025-07-02,Premium,29.99,8,1,No longer needed,239.92,3,Medium
CUST-1170,2024-05-16,,Standard,19.99,8,0,N/A,159.92,4,Low
CUST-1171,2024-07-20,2026-03-12,Basic,9.99,20,1,Other,199.8,0,Medium
CUST-1172,2024-11-08,,Standard,19.99,22,0,N/A,439.78,2,Medium
CUST-1173,2024-04-26,,Basic,9.99,15,0,N/A,149.85,2,High
CUST-1174,2024-06-02,,Premium,29.99,7,0,N/A,209.93,2,Medium
CUST-1175,2024-10-17,2025-09-12,Standard,19.99,11,1,Price too high,219.89,5,Low
CUST-1176,2024-03-03,,Basic,9.99,7,0,N/A,69.93,7,High
CUST-1177,2024-08-31,,Standard,19.99,4,0,N/A,79.96,7,High
CUST-1178,2024-01-25,2025-01-19,Standard,19.99,12,1,No longer needed,239.88,8,High
CUST-1179,2024-03-30,,Basic,9.99,6,0,N/A,59.94,8,High
CUST-1180,2024-03-15,,Standard,19.99,14,0,N/A,279.86,3,Low
CUST-1181,2024-10-20,,Basic,9.99,12,0,N/A,119.88,3,High
CUST-1182,2024-07-28,2025-06-23,Standard,19.99,11,1,Price too high,219.89,5,Low
CUST-1183,2024-12-12,,Premium,29.99,19,0,N/A,569.81,3,Low
CUST-1184,2024-01-17,,Premium,29.99,21,0,N/A,629.79,0,Medium
CUST-1185,2024-05-07,,Standard,19.99,5,0,N/A,99.95,6,Low
CUST-1186,2024-12-29,,Standard,19.99,14,0,N/A,279.86,7,Medium
CUST-1187,2024-09-07,2026-05-30,Basic,9.99,21,1,Poor customer service,209.79,0,Low
CUST-1188,2024-06-27,2025-10-20,Standard,19.99,16,1,Found better alternative,319.84,2,Medium
CUST-1189,2024-06-30,2025-07-25,Basic,9.99,13,1,Poor customer service,129.87,2,Medium
CUST-1190,2024-05-31,2026-03-22,Basic,9.99,22,1,No longer needed,219.78,9,High
CUST-1191,2024-01-25,,Basic,9.99,22,0,N/A,219.78,2,Medium
CUST-1192,2024-06-28,,Basic,9.99,20,0,N/A,199.8,5,Medium
CUST-1193,2024-07-16,2026-05-07,Standard,19.99,22,1,Poor customer service,439.78,5,High
CUST-1194,2024-12-09,,Basic,9.99,4,0,N/A,39.96,9,Medium
CUST-1195,2024-06-09,,Standard,19.99,11,0,N/A,219.89,0,Medium
CUST-1196,2024-06-25,2025-11-17,Basic,9.99,17,1,Technical issues,169.83,5,Medium
CUST-1197,2024-10-11,,Basic,9.99,7,0,N/A,69.93,5,Medium
CUST-1198,2024-03-03,2025-04-27,Standard,19.99,14,1,Poor customer service,279.86,8,Low
CUST-1199,2024-05-29,,Basic,9.99,11,0,N/A,109.89,2,Low
CUST-1200,2024-06-02,,Basic,9.99,22,0,N/A,219.78,6,Medium
CUST-1201,2024-06-04,,Standard,19.99,9,0,N/A,179.91,9,High
CUST-1202,2024-02-18,,Basic,9.99,23,0,N/A,229.77,7,Low
CUST-1203,2024-12-02,2025-12-27,Premium,29.99,13,1,Poor customer service,389.87,4,Medium
CUST-1204,2024-03-24,,Basic,9.99,23,0,N/A,229.77,1,Medium
CUST-1205,2024-12-26,,Basic,9.99,18,0,N/A,179.82,2,Medium
CUST-1206,2024-06-25,,Standard,19.99,11,0,N/A,219.89,4,Medium
CUST-1207,2024-05-27,,Basic,9.99,15,0,N/A,149.85,4,Low
CUST-1208,2024-04-27,,Basic,9.99,22,0,N/A,219.78,8,High
CUST-1209,2024-12-07,2026-06-30,Basic,9.99,19,1,Technical issues,189.81,6,Medium
CUST-1210,2024-03-03,,Basic,9.99,1,0,N/A,9.99,2,High
CUST-1211,2024-07-07,2024-11-04,Premium,29.99,4,1,Other,119.96,2,High
CUST-1212,2024-12-25,2026-02-18,Basic,9.99,14,1,Other,139.86,3,Medium
CUST-1213,2024-02-18,,Standard,19.99,14,0,N/A,279.86,2,Medium
CUST-1214,2024-11-22,,Premium,29.99,3,0,N/A,89.97,7,High
CUST-1215,2024-09-13,2026-02-05,Basic,9.99,17,1,Poor customer service,169.83,4,High
CUST-1216,2024-08-11,,Premium,29.99,3,0,N/A,89.97,9,Medium
CUST-1217,2024-05-20,,Basic,9.99,16,0,N/A,159.84,9,Medium
CUST-1218,2024-08-02,,Premium,29.99,14,0,N/A,419.86,6,Medium
CUST-1219,2024-07-29,2026-03-21,Basic,9.99,20,1,Other,199.8,4,High
CUST-1220,2024-11-13,2025-12-08,Standard,19.99,13,1,Technical issues,259.87,3,Medium
CUST-1221,2024-02-01,2025-04-26,Basic,9.99,15,1,Price too high,149.85,3,Low
CUST-1222,2024-06-06,,Basic,9.99,14,0,N/A,139.86,3,High
CUST-1223,2024-10-11,,Standard,19.99,19,0,N/A,379.81,8,High
CUST-1224,2024-10-31,,Standard,19.99,6,0,N/A,119.94,8,High
CUST-1225,2024-10-12,,Basic,9.99,10,0,N/A,99.9,3,High
CUST-1226,2024-05-23,,Basic,9.99,15,0,N/A,149.85,9,Medium
CUST-1227,2024-01-19,2025-10-10,Standard,19.99,21,1,Found better alternative,419.79,1,Medium
CUST-1228,2024-01-18,2025-11-08,Standard,19.99,22,1,Other,439.78,8,Medium
CUST-1229,2024-09-13,,Premium,29.99,20,0,N/A,599.8,5,High
CUST-1230,2024-03-18,,Standard,19.99,6,0,N/A,119.94,3,Low
CUST-1231,2024-06-23,,Premium,29.99,23,0,N/A,689.77,0,Medium
CUST-1232,2024-07-12,,Standard,19.99,10,0,N/A,199.9,7,Low
CUST-1233,2024-04-22,2024-11-18,Basic,9.99,7,1,Other,69.93,9,Medium
CUST-1234,2024-04-23,2026-02-12,Basic,9.99,22,1,Other,219.78,0,Medium
CUST-1235,2024-08-09,,Standard,19.99,17,0,N/A,339.83,3,Medium
CUST-1236,2024-06-14,,Standard,19.99,18,0,N/A,359.82,5,High
CUST-1237,2024-11-14,,Basic,9.99,17,0,N/A,169.83,0,Medium
CUST-1238,2024-05-11,,Basic,9.99,9,0,N/A,89.91,3,Medium
CUST-1239,2024-09-20,,Premium,29.99,10,0,N/A,299.9,7,High
CUST-1240,2024-02-24,,Standard,19.99,10,0,N/A,199.9,7,Medium
CUST-1241,2024-12-24,,Basic,9.99,7,0,N/A,69.93,3,Medium
CUST-1242,2024-05-10,2025-09-02,Basic,9.99,16,1,Other,159.84,1,High
CUST-1243,2024-10-14,,Basic,9.99,18,0,N/A,179.82,2,Low
CUST-1244,2024-09-22,,Basic,9.99,6,0,N/A,59.94,0,High
CUST-1245,2024-06-10,,Basic,9.99,20,0,N/A,199.8,2,Medium
CUST-1246,2024-03-27,,Basic,9.99,1,0,N/A,9.99,5,High
CUST-1247,2024-02-24,,Standard,19.99,1,0,N/A,19.99,0,Medium
CUST-1248,2024-10-14,,Basic,9.99,12,0,N/A,119.88,8,Medium
CUST-1249,2024-06-26,,Premium,29.99,21,0,N/A,629.79,4,Medium
CUST-1250,2024-12-14,,Premium,29.99,2,0,N/A,59.98,5,Medium
CUST-1251,2024-01-08,2024-05-07,Basic,9.99,4,1,Technical issues,39.96,7,Medium
CUST-1252,2024-11-16,,Standard,19.99,17,0,N/A,339.83,8,Medium
CUST-1253,2024-11-08,2025-03-08,Basic,9.99,4,1,Poor customer service,39.96,9,Medium
CUST-1254,2024-09-03,,Premium,29.99,11,0,N/A,329.89,3,High
CUST-1255,2024-11-18,,Basic,9.99,22,0,N/A,219.78,8,Medium
CUST-1256,2024-09-11,,Standard,19.99,4,0,N/A,79.96,2,Low
CUST-1257,2024-11-23,,Standard,19.99,1,0,N/A,19.99,9,Medium
CUST-1258,2024-02-23,2024-09-20,Basic,9.99,7,1,Price too high,69.93,9,Low
CUST-1259,2024-09-05,2026-02-27,Basic,9.99,18,1,Found better alternative,179.82,8,High
CUST-1260,2024-08-26,2025-05-23,Standard,19.99,9,1,Technical issues,179.91,5,High
CUST-1261,2024-08-16,2024-11-14,Standard,19.99,3,1,Price too high,59.97,9,Medium
CUST-1262,2024-03-07,,Basic,9.99,8,0,N/A,79.92,2,Medium
CUST-1263,2024-02-20,,Standard,19.99,19,0,N/A,379.81,4,Low
CUST-1264,2024-04-06,,Basic,9.99,4,0,N/A,39.96,2,High
CUST-1265,2024-04-01,2025-09-23,Standard,19.99,18,1,Found better alternative,359.82,4,High
CUST-1266,2024-09-20,2026-05-13,Basic,9.99,20,1,Technical issues,199.8,6,Low
CUST-1267,2024-10-17,,Premium,29.99,11,0,N/A,329.89,7,High
CUST-1268,2024-04-05,2025-05-30,Basic,9.99,14,1,Found better alternative,139.86,2,Medium
CUST-1269,2024-03-28,,Basic,9.99,18,0,N/A,179.82,1,Low
CUST-1270,2024-03-18,,Basic,9.99,16,0,N/A,159.84,0,Low
CUST-1271,2024-10-14,,Basic,9.99,3,0,N/A,29.97,8,Medium
CUST-1272,2024-04-29,,Standard,19.99,15,0,N/A,299.85,0,Medium
CUST-1273,2024-10-28,2025-02-25,Basic,9.99,4,1,Technical issues,39.96,6,High
CUST-1274,2024-06-13,,Premium,29.99,5,0,N/A,149.95,2,Medium
CUST-1275,2024-06-30,,Basic,9.99,17,0,N/A,169.83,1,Medium
CUST-1276,2024-08-10,,Basic,9.99,7,0,N/A,69.93,4,Medium
CUST-1277,2024-11-06,,Basic,9.99,16,0,N/A,159.84,6,Low
CUST-1278,2024-01-07,,Basic,9.99,14,0,N/A,139.86,7,Medium
CUST-1279,2024-11-25,,Basic,9.99,16,0,N/A,159.84,8,High
CUST-1280,2024-09-19,,Basic,9.99,7,0,N/A,69.93,5,Medium
CUST-1281,2024-06-09,,Basic,9.99,9,0,N/A,89.91,7,Medium
CUST-1282,2024-05-30,,Basic,9.99,4,0,N/A,39.96,2,Medium
CUST-1283,2024-03-25,2026-01-14,Standard,19.99,22,1,Poor customer service,439.78,2,Medium
CUST-1284,2024-05-26,,Standard,19.99,11,0,N/A,219.89,0,Medium
CUST-1285,2024-04-21,,Basic,9.99,2,0,N/A,19.98,0,Medium
CUST-1286,2024-02-05,,Basic,9.99,12,0,N/A,119.88,0,Medium
CUST-1287,2024-10-11,,Premium,29.99,12,0,N/A,359.88,4,Medium
CUST-1288,2024-07-06,,Standard,19.99,4,0,N/A,79.96,8,High
CUST-1289,2024-03-22,2025-09-13,Standard,19.99,18,1,Technical issues,359.82,0,Low
CUST-1290,2024-01-02,2025-09-23,Basic,9.99,21,1,No longer needed,209.79,2,High
CUST-1291,2024-10-29,2025-05-27,Standard,19.99,7,1,Other,139.93,5,High
CUST-1292,2024-07-15,,Standard,19.99,1,0,N/A,19.99,6,High
CUST-1293,2024-01-11,,Standard,19.99,23,0,N/A,459.77,6,Medium
CUST-1294,2024-08-21,2025-09-15,Premium,29.99,13,1,Price too high,389.87,8,High
CUST-1295,2024-07-13,,Basic,9.99,6,0,N/A,59.94,4,High
CUST-1296,2024-04-28,,Basic,9.99,6,0,N/A,59.94,9,Low
CUST-1297,2024-01-20,2025-01-14,Standard,19.99,12,1,No longer needed,239.88,1,High
CUST-1298,2024-09-17,,Premium,29.99,8,0,N/A,239.92,8,Medium
CUST-1299,2024-10-19,,Basic,9.99,22,0,N/A,219.78,5,Medium
CUST-1300,2024-09-12,,Basic,9.99,19,0,N/A,189.81,5,High
CUST-1301,2024-08-09,,Basic,9.99,5,0,N/A,49.95,5,Low
CUST-1302,2024-08-13,,Basic,9.99,18,0,N/A,179.82,5,Low
CUST-1303,2024-02-22,,Standard,19.99,5,0,N/A,99.95,6,High
CUST-1304,2024-12-20,,Standard,19.99,10,0,N/A,199.9,8,Medium
CUST-1305,2024-12-07,,Basic,9.99,1,0,N/A,9.99,1,Medium
CUST-1306,2024-12-29,,Basic,9.99,10,0,N/A,99.9,3,High
CUST-1307,2024-10-06,2025-03-05,Basic,9.99,5,1,Other,49.95,5,Medium
CUST-1308,2024-03-21,,Basic,9.99,12,0,N/A,119.88,7,High
CUST-1309,2024-07-20,,Standard,19.99,22,0,N/A,439.78,9,Medium
CUST-1310,2024-06-06,,Premium,29.99,7,0,N/A,209.93,4,Medium
CUST-1311,2024-04-29,2025-01-24,Premium,29.99,9,1,Price too high,269.91,1,Medium
CUST-1312,2024-02-28,,Basic,9.99,22,0,N/A,219.78,4,Medium
CUST-1313,2024-08-02,,Premium,29.99,21,0,N/A,629.79,3,Medium
CUST-1314,2024-05-07,,Standard,19.99,12,0,N/A,239.88,3,Medium
CUST-1315,2024-08-11,2026-07-02,Standard,19.99,23,1,Other,459.77,2,High
CUST-1316,2024-07-27,,Basic,9.99,1,0,N/A,9.99,4,Medium
CUST-1317,2024-04-24,,Basic,9.99,11,0,N/A,109.89,6,Medium
CUST-1318,2024-07-27,,Basic,9.99,21,0,N/A,209.79,4,Medium
CUST-1319,2024-01-14,,Basic,9.99,15,0,N/A,149.85,0,Medium
CUST-1320,2024-01-09,2024-03-09,Basic,9.99,2,1,Other,19.98,4,High
CUST-1321,2024-02-09,2025-10-01,Basic,9.99,20,1,Poor customer service,199.8,0,Medium
CUST-1322,2024-08-24,,Basic,9.99,7,0,N/A,69.93,9,Low
CUST-1323,2024-10-07,2026-06-29,Standard,19.99,21,1,Technical issues,419.79,9,Low
CUST-1324,2024-12-24,,Basic,9.99,12,0,N/A,119.88,2,Low
CUST-1325,2024-07-19,,Basic,9.99,22,0,N/A,219.78,0,Low
CUST-1326,2024-09-02,,Premium,29.99,18,0,N/A,539.82,3,Low
CUST-1327,2024-10-04,,Premium,29.99,3,0,N/A,89.97,7,Medium
CUST-1328,2024-08-22,2025-03-20,Standard,19.99,7,1,Technical issues,139.93,7,High
CUST-1329,2024-01-04,,Premium,29.99,11,0,N/A,329.89,5,High
CUST-1330,2024-06-02,,Standard,19.99,18,0,N/A,359.82,4,Medium
CUST-1331,2024-01-29,,Premium,29.99,12,0,N/A,359.88,5,Medium
CUST-1332,2024-04-18,,Basic,9.99,6,0,N/A,59.94,6,Medium
CUST-1333,2024-04-07,,Basic,9.99,5,0,N/A,49.95,7,Medium
CUST-1334,2024-08-02,,Basic,9.99,1,0,N/A,9.99,1,High
CUST-1335,2024-10-19,2025-10-14,Basic,9.99,12,1,Other,119.88,0,Medium
CUST-1336,2024-03-15,,Basic,9.99,11,0,N/A,109.89,5,Low
CUST-1337,2024-11-21,,Standard,19.99,4,0,N/A,79.96,1,Low
CUST-1338,2024-05-25,2025-11-16,Standard,19.99,18,1,Poor customer service,359.82,4,Low
CUST-1339,2024-05-07,2024-09-04,Standard,19.99,4,1,Poor customer service,79.96,1,Medium
CUST-1340,2024-12-06,,Basic,9.99,17,0,N/A,169.83,0,Medium
CUST-1341,2024-02-11,2024-04-11,Premium,29.99,2,1,Technical issues,59.98,9,Medium
CUST-1342,2024-12-21,,Standard,19.99,22,0,N/A,439.78,1,Medium
CUST-1343,2024-02-10,,Basic,9.99,2,0,N/A,19.98,3,Medium
CUST-1344,2024-02-03,,Standard,19.99,12,0,N/A,239.88,6,High
CUST-1345,2024-01-17,2024-07-15,Basic,9.99,6,1,Other,59.94,4,Medium
CUST-1346,2024-06-13,,Basic,9.99,10,0,N/A,99.9,1,High
CUST-1347,2024-06-01,,Premium,29.99,23,0,N/A,689.77,8,High
CUST-1348,2024-03-16,,Basic,9.99,21,0,N/A,209.79,9,High
CUST-1349,2024-03-27,2026-02-15,Basic,9.99,23,1,No longer needed,229.77,2,Medium
CUST-1350,2024-04-26,,Premium,29.99,16,0,N/A,479.84,0,Medium
CUST-1351,2024-12-27,,Standard,19.99,14,0,N/A,279.86,8,Medium
CUST-1352,2024-12-07,,Basic,9.99,7,0,N/A,69.93,8,Low
CUST-1353,2024-01-27,2025-08-19,Basic,9.99,19,1,Poor customer service,189.81,2,Medium
CUST-1354,2024-11-08,2026-09-29,Basic,9.99,23,1,Technical issues,229.77,1,Low
CUST-1355,2024-10-13,,Standard,19.99,17,0,N/A,339.83,4,Low
CUST-1356,2024-05-13,,Basic,9.99,9,0,N/A,89.91,5,Medium
CUST-1357,2024-08-06,2025-08-31,Basic,9.99,13,1,Technical issues,129.87,7,Low
CUST-1358,2024-06-16,,Premium,29.99,22,0,N/A,659.78,0,High
CUST-1359,2024-04-07,2024-09-04,Standard,19.99,5,1,Found better alternative,99.95,1,Medium
CUST-1360,2024-09-24,2026-08-15,Basic,9.99,23,1,Found better alternative,229.77,4,High
CUST-1361,2024-08-24,,Standard,19.99,5,0,N/A,99.95,9,Medium
CUST-1362,2024-11-04,,Standard,19.99,10,0,N/A,199.9,9,Medium
CUST-1363,2024-06-21,,Basic,9.99,21,0,N/A,209.79,4,High
CUST-1364,2024-07-08,,Basic,9.99,10,0,N/A,99.9,3,Low
CUST-1365,2024-05-01,,Premium,29.99,7,0,N/A,209.93,4,Medium
CUST-1366,2024-02-15,,Basic,9.99,15,0,N/A,149.85,9,Medium
CUST-1367,2024-03-04,,Standard,19.99,7,0,N/A,139.93,9,High
CUST-1368,2024-05-09,,Basic,9.99,15,0,N/A,149.85,0,High
CUST-1369,2024-11-05,,Basic,9.99,3,0,N/A,29.97,1,High
CUST-1370,2024-12-28,,Basic,9.99,19,0,N/A,189.81,6,Low
CUST-1371,2024-07-11,2025-05-07,Basic,9.99,10,1,Technical issues,99.9,5,Medium
CUST-1372,2024-11-02,,Basic,9.99,15,0,N/A,149.85,1,Low
CUST-1373,2024-06-29,2024-09-27,Basic,9.99,3,1,Other,29.97,9,Low
CUST-1374,2024-10-18,,Premium,29.99,6,0,N/A,179.94,4,Medium
CUST-1375,2024-10-08,,Premium,29.99,12,0,N/A,359.88,2,Low
CUST-1376,2024-01-29,2025-04-23,Standard,19.99,15,1,No longer needed,299.85,1,Medium
CUST-1377,2024-05-28,,Premium,29.99,6,0,N/A,179.94,7,Medium
CUST-1378,2024-09-23,,Basic,9.99,13,0,N/A,129.87,3,Medium
CUST-1379,2024-10-22,,Premium,29.99,19,0,N/A,569.81,7,Medium
CUST-1380,2024-01-11,,Basic,9.99,3,0,N/A,29.97,1,Low
CUST-1381,2024-06-12,,Premium,29.99,8,0,N/A,239.92,1,Medium
CUST-1382,2024-04-22,,Premium,29.99,8,0,N/A,239.92,6,Medium
CUST-1383,2024-07-05,,Standard,19.99,23,0,N/A,459.77,9,Low
CUST-1384,2024-10-21,,Premium,29.99,20,0,N/A,599.8,9,Medium
CUST-1385,2024-08-19,,Standard,19.99,15,0,N/A,299.85,8,Medium
CUST-1386,2024-08-14,,Basic,9.99,4,0,N/A,39.96,7,Low
CUST-1387,2024-11-05,,Basic,9.99,19,0,N/A,189.81,1,Medium
CUST-1388,2024-04-07,,Standard,19.99,21,0,N/A,419.79,8,High
CUST-1389,2024-02-24,2024-05-24,Basic,9.99,3,1,Found better alternative,29.97,3,Medium
CUST-1390,2024-04-20,,Standard,19.99,13,0,N/A,259.87,9,Low
CUST-1391,2024-05-31,,Premium,29.99,8,0,N/A,239.92,7,Medium
CUST-1392,2024-09-02,,Basic,9.99,23,0,N/A,229.77,7,Medium
CUST-1393,2024-03-09,2025-07-02,Standard,19.99,16,1,Poor customer service,319.84,0,High
CUST-1394,2024-11-07,,Premium,29.99,13,0,N/A,389.87,4,Medium
CUST-1395,2024-10-15,2025-01-13,Premium,29.99,3,1,Other,89.97,9,High
CUST-1396,2024-09-06,,Premium,29.99,16,0,N/A,479.84,6,Medium
CUST-1397,2024-02-05,,Standard,19.99,9,0,N/A,179.91,2,Medium
CUST-1398,2024-08-26,2025-10-20,Premium,29.99,14,1,No longer needed,419.86,4,Medium
CUST-1399,2024-05-27,,Standard,19.99,13,0,N/A,259.87,2,High
CUST-1400,2024-08-14,,Basic,9.99,21,0,N/A,209.79,5,Medium
CUST-1401,2024-08-31,2025-03-29,Basic,9.99,7,1,Technical issues,69.93,7,Low
CUST-1402,2024-12-02,2026-02-25,Standard,19.99,15,1,No longer needed,299.85,1,Low
CUST-1403,2024-12-30,,Basic,9.99,7,0,N/A,69.93,6,Medium
CUST-1404,2024-07-19,,Standard,19.99,6,0,N/A,119.94,4,High
CUST-1405,2024-06-02,2024-08-01,Standard,19.99,2,1,No longer needed,39.98,9,Medium
CUST-1406,2024-03-13,,Basic,9.99,9,0,N/A,89.91,1,High
CUST-1407,2024-07-19,2026-05-10,Standard,19.99,22,1,Price too high,439.78,7,Medium
CUST-1408,2024-10-22,,Standard,19.99,17,0,N/A,339.83,6,Medium
CUST-1409,2024-01-17,,Basic,9.99,5,0,N/A,49.95,4,Medium
CUST-1410,2024-05-08,2025-05-03,Basic,9.99,12,1,Poor customer service,119.88,0,High
CUST-1411,2024-08-04,,Basic,9.99,1,0,N/A,9.99,4,Medium
CUST-1412,2024-03-01,,Basic,9.99,10,0,N/A,99.9,0,Low
CUST-1413,2024-04-13,,Premium,29.99,11,0,N/A,329.89,9,Medium
CUST-1414,2024-02-11,,Basic,9.99,16,0,N/A,159.84,7,Medium
CUST-1415,2024-01-25,,Standard,19.99,14,0,N/A,279.86,9,High
CUST-1416,2024-02-08,2024-10-05,Basic,9.99,8,1,Found better alternative,79.92,2,High
CUST-1417,2024-10-17,,Basic,9.99,17,0,N/A,169.83,4,Medium
CUST-1418,2024-05-10,,Premium,29.99,18,0,N/A,539.82,3,Medium
CUST-1419,2024-08-16,2025-08-11,Standard,19.99,12,1,Price too high,239.88,7,Medium
CUST-1420,2024-04-17,,Basic,9.99,17,0,N/A,169.83,9,Low
CUST-1421,2024-06-20,,Basic,9.99,14,0,N/A,139.86,0,High
CUST-1422,2024-04-11,,Basic,9.99,16,0,N/A,159.84,2,Medium
CUST-1423,2024-12-19,2026-02-12,Basic,9.99,14,1,No longer needed,139.86,2,Medium
CUST-1424,2024-01-12,,Standard,19.99,9,0,N/A,179.91,9,Medium
CUST-1425,2024-10-01,,Basic,9.99,4,0,N/A,39.96,3,Medium
CUST-1426,2024-04-10,,Basic,9.99,23,0,N/A,229.77,6,Medium
CUST-1427,2024-02-13,,Basic,9.99,11,0,N/A,109.89,6,High
CUST-1428,2024-10-31,,Premium,29.99,6,0,N/A,179.94,3,Medium
CUST-1429,2024-01-17,,Premium,29.99,15,0,N/A,449.85,3,Low
CUST-1430,2024-11-25,,Basic,9.99,5,0,N/A,49.95,2,Medium
CUST-1431,2024-02-26,2025-01-21,Standard,19.99,11,1,Found better alternative,219.89,2,Low
CUST-1432,2024-11-06,,Basic,9.99,18,0,N/A,179.82,7,High
CUST-1433,2024-10-29,,Basic,9.99,13,0,N/A,129.87,2,Medium
CUST-1434,2024-01-12,,Standard,19.99,11,0,N/A,219.89,1,High
CUST-1435,2024-11-13,,Premium,29.99,14,0,N/A,419.86,9,Medium
CUST-1436,2024-03-20,,Premium,29.99,18,0,N/A,539.82,7,Medium
CUST-1437,2024-08-03,,Standard,19.99,19,0,N/A,379.81,2,Medium
CUST-1438,2024-12-04,,Basic,9.99,15,0,N/A,149.85,7,Medium
CUST-1439,2024-09-20,2025-06-17,Standard,19.99,9,1,No longer needed,179.91,3,High
CUST-1440,2024-05-28,,Basic,9.99,8,0,N/A,79.92,5,High
CUST-1441,2024-03-21,,Standard,19.99,20,0,N/A,399.8,0,High
CUST-1442,2024-08-02,,Basic,9.99,1,0,N/A,9.99,7,Medium
CUST-1443,2024-07-16,,Standard,19.99,4,0,N/A,79.96,1,Medium
CUST-1444,2024-07-18,,Basic,9.99,14,0,N/A,139.86,0,Medium
CUST-1445,2024-01-25,,Basic,9.99,2,0,N/A,19.98,7,Low
CUST-1446,2024-03-29,,Premium,29.99,16,0,N/A,479.84,1,Medium
CUST-1447,2024-09-24,2024-12-23,Basic,9.99,3,1,No longer needed,29.97,2,Medium
CUST-1448,2024-05-22,,Standard,19.99,8,0,N/A,159.92,3,Medium
CUST-1449,2024-02-28,,Basic,9.99,6,0,N/A,59.94,9,High
CUST-1450,2024-12-30,,Basic,9.99,16,0,N/A,159.84,4,Medium
CUST-1451,2024-01-26,,Basic,9.99,16,0,N/A,159.84,4,High
CUST-1452,2024-02-16,,Basic,9.99,7,0,N/A,69.93,7,Medium
CUST-1453,2024-10-14,2025-11-08,Premium,29.99,13,1,Found better alternative,389.87,5,Low
CUST-1454,2024-09-22,,Basic,9.99,13,0,N/A,129.87,3,Low
CUST-1455,2024-01-16,2024-06-14,Premium,29.99,5,1,Poor customer service,149.95,4,High
CUST-1456,2024-07-17,2026-03-09,Standard,19.99,20,1,Found better alternative,399.8,6,Medium
CUST-1457,2024-10-08,,Basic,9.99,22,0,N/A,219.78,8,Medium
CUST-1458,2024-03-26,,Standard,19.99,18,0,N/A,359.82,7,Medium
CUST-1459,2024-09-06,,Standard,19.99,15,0,N/A,299.85,8,High
CUST-1460,2024-09-26,,Standard,19.99,18,0,N/A,359.82,9,Medium
CUST-1461,2024-11-30,2025-01-29,Basic,9.99,2,1,Other,19.98,8,High
CUST-1462,2024-04-26,,Basic,9.99,10,0,N/A,99.9,4,Medium
CUST-1463,2024-01-07,2025-11-27,Premium,29.99,23,1,Found better alternative,689.77,2,High
CUST-1464,2024-05-16,,Premium,29.99,13,0,N/A,389.87,2,Medium
CUST-1465,2024-06-24,2025-12-16,Premium,29.99,18,1,Technical issues,539.82,2,Medium
CUST-1466,2024-11-23,2026-02-16,Basic,9.99,15,1,Price too high,149.85,0,Low
CUST-1467,2024-11-10,,Standard,19.99,12,0,N/A,239.88,8,High
CUST-1468,2024-08-02,,Basic,9.99,15,0,N/A,149.85,6,High
CUST-1469,2024-03-22,,Basic,9.99,13,0,N/A,129.87,6,High
CUST-1470,2024-08-10,2026-02-01,Basic,9.99,18,1,Found better alternative,179.82,7,Medium
CUST-1471,2024-04-12,2025-07-06,Standard,19.99,15,1,Other,299.85,4,High
CUST-1472,2024-09-29,2026-08-20,Basic,9.99,23,1,Poor customer service,229.77,7,High
CUST-1473,2024-01-14,,Basic,9.99,11,0,N/A,109.89,1,Low
CUST-1474,2024-06-07,,Premium,29.99,19,0,N/A,569.81,7,High
CUST-1475,2024-05-31,2024-08-29,Basic,9.99,3,1,Found better alternative,29.97,7,Medium
CUST-1476,2024-04-17,,Basic,9.99,7,0,N/A,69.93,4,Medium
CUST-1477,2024-07-06,2026-03-28,Basic,9.99,21,1,Technical issues,209.79,0,High
CUST-1478,2024-10-27,,Premium,29.99,14,0,N/A,419.86,8,Medium
CUST-1479,2024-04-07,,Standard,19.99,14,0,N/A,279.86,8,Medium
CUST-1480,2024-05-10,,Basic,9.99,22,0,N/A,219.78,3,Medium
CUST-1481,2024-10-19,,Premium,29.99,13,0,N/A,389.87,4,Medium
CUST-1482,2024-06-19,,Premium,29.99,12,0,N/A,359.88,0,Low
CUST-1483,2024-07-01,,Basic,9.99,9,0,N/A,89.91,8,High
CUST-1484,2024-12-29,,Standard,19.99,1,0,N/A,19.99,1,Low
CUST-1485,2024-02-08,,Standard,19.99,19,0,N/A,379.81,8,Medium
CUST-1486,2024-01-15,,Standard,19.99,11,0,N/A,219.89,5,High
CUST-1487,2024-01-04,2025-11-24,Basic,9.99,23,1,Technical issues,229.77,8,Medium
CUST-1488,2024-12-14,2026-10-05,Premium,29.99,22,1,Poor customer service,659.78,3,Medium
CUST-1489,2024-07-28,2026-06-18,Standard,19.99,23,1,Price too high,459.77,7,Low
CUST-1490,2024-06-09,2026-03-31,Basic,9.99,22,1,Other,219.78,8,Medium
CUST-1491,2024-01-16,,Basic,9.99,19,0,N/A,189.81,9,Medium
CUST-1492,2024-04-17,,Basic,9.99,18,0,N/A,179.82,6,Medium
CUST-1493,2024-11-06,,Basic,9.99,12,0,N/A,119.88,3,Low
CUST-1494,2024-08-14,2026-07-05,Standard,19.99,23,1,Price too high,459.77,3,Medium
CUST-1495,2024-06-18,,Basic,9.99,1,0,N/A,9.99,1,Medium
CUST-1496,2024-02-03,,Basic,9.99,19,0,N/A,189.81,9,High
CUST-1497,2024-09-07,2026-04-30,Standard,19.99,20,1,Technical issues,399.8,8,Medium
CUST-1498,2024-09-03,,Basic,9.99,17,0,N/A,169.83,3,Medium
CUST-1499,2024-09-25,,Premium,29.99,5,0,N/A,149.95,9,High
CUST-1500,2024-05-20,,Basic,9.99,3,0,N/A,29.97,5,Low
CUST-1501,2024-09-30,,Basic,9.99,2,0,N/A,19.98,2,High
CUST-1502,2024-04-05,,Basic,9.99,3,0,N/A,29.97,2,Medium
CUST-1503,2024-08-14,,Basic,9.99,8,0,N/A,79.92,8,High
CUST-1504,2024-02-08,,Basic,9.99,16,0,N/A,159.84,1,Medium
CUST-1505,2024-10-28,,Standard,19.99,6,0,N/A,119.94,6,High
CUST-1506,2024-01-29,2025-02-22,Premium,29.99,13,1,No longer needed,389.87,9,High
CUST-1507,2024-11-13,2026-10-04,Basic,9.99,23,1,Technical issues,229.77,0,High
CUST-1508,2024-09-01,,Standard,19.99,22,0,N/A,439.78,8,High
CUST-1509,2024-08-23,2026-06-14,Standard,19.99,22,1,Poor customer service,439.78,9,Medium
CUST-1510,2024-07-03,,Premium,29.99,16,0,N/A,479.84,9,High
CUST-1511,2024-09-28,,Basic,9.99,16,0,N/A,159.84,0,High
CUST-1512,2024-08-23,,Basic,9.99,3,0,N/A,29.97,8,Medium
CUST-1513,2024-08-26,,Basic,9.99,13,0,N/A,129.87,2,Low
CUST-1514,2024-09-22,,Standard,19.99,14,0,N/A,279.86,6,High
CUST-1515,2024-12-24,,Premium,29.99,8,0,N/A,239.92,9,Low
CUST-1516,2024-12-05,,Basic,9.99,12,0,N/A,119.88,6,High
CUST-1517,2024-03-05,2026-01-24,Basic,9.99,23,1,Other,229.77,4,Low
CUST-1518,2024-06-25,,Premium,29.99,23,0,N/A,689.77,7,Medium
CUST-1519,2024-01-03,,Premium,29.99,22,0,N/A,659.78,6,Low
CUST-1520,2024-05-21,,Premium,29.99,21,0,N/A,629.79,4,Medium
CUST-1521,2024-06-06,,Standard,19.99,8,0,N/A,159.92,8,Medium
CUST-1522,2024-11-19,,Basic,9.99,21,0,N/A,209.79,9,Medium
CUST-1523,2024-05-25,,Standard,19.99,9,0,N/A,179.91,8,Medium
CUST-1524,2024-10-19,,Standard,19.99,1,0,N/A,19.99,4,Low
CUST-1525,2024-06-01,2024-11-28,Basic,9.99,6,1,No longer needed,59.94,7,High
CUST-1526,2024-07-11,,Standard,19.99,23,0,N/A,459.77,9,Medium
CUST-1527,2024-03-13,2025-10-04,Standard,19.99,19,1,Poor customer service,379.81,5,Medium
CUST-1528,2024-10-31,,Basic,9.99,23,0,N/A,229.77,1,Medium
CUST-1529,2024-12-09,,Standard,19.99,11,0,N/A,219.89,6,Low
CUST-1530,2024-05-19,,Standard,19.99,11,0,N/A,219.89,9,High
CUST-1531,2024-07-05,,Premium,29.99,23,0,N/A,689.77,7,Medium
CUST-1532,2024-10-19,,Basic,9.99,13,0,N/A,129.87,0,High
CUST-1533,2024-03-01,,Basic,9.99,11,0,N/A,109.89,5,Medium
CUST-1534,2024-07-16,2026-01-07,Standard,19.99,18,1,No longer needed,359.82,7,High
CUST-1535,2024-10-21,2026-09-11,Basic,9.99,23,1,No longer needed,229.77,9,Medium
CUST-1536,2024-11-14,,Standard,19.99,15,0,N/A,299.85,6,Low
CUST-1537,2024-10-28,,Standard,19.99,1,0,N/A,19.99,6,Medium
CUST-1538,2024-12-09,,Basic,9.99,21,0,N/A,209.79,7,High
CUST-1539,2024-01-11,,Standard,19.99,7,0,N/A,139.93,1,High
CUST-1540,2024-03-02,2026-01-21,Standard,19.99,23,1,No longer needed,459.77,9,Medium
CUST-1541,2024-11-28,2025-12-23,Basic,9.99,13,1,Found better alternative,129.87,8,Low
CUST-1542,2024-08-13,2025-08-08,Premium,29.99,12,1,Technical issues,359.88,8,Medium
CUST-1543,2024-06-01,,Premium,29.99,18,0,N/A,539.82,2,Medium
CUST-1544,2024-07-17,,Standard,19.99,19,0,N/A,379.81,9,High
CUST-1545,2024-02-21,,Standard,19.99,15,0,N/A,299.85,5,High
CUST-1546,2024-09-16,2025-05-14,Basic,9.99,8,1,Price too high,79.92,5,Medium
CUST-1547,2024-02-28,,Premium,29.99,19,0,N/A,569.81,3,Medium
CUST-1548,2024-03-12,,Standard,19.99,10,0,N/A,199.9,6,High
CUST-1549,2024-05-27,,Standard,19.99,7,0,N/A,139.93,5,High
CUST-1550,2024-12-14,2026-06-07,Premium,29.99,18,1,Other,539.82,8,Low
CUST-1551,2024-03-03,,Basic,9.99,16,0,N/A,159.84,5,High
CUST-1552,2024-11-05,,Premium,29.99,20,0,N/A,599.8,1,Medium
CUST-1553,2024-08-30,2025-02-26,Basic,9.99,6,1,No longer needed,59.94,4,Low
CUST-1554,2024-11-25,2025-08-22,Basic,9.99,9,1,Price too high,89.91,8,Medium
CUST-1555,2024-04-16,,Basic,9.99,21,0,N/A,209.79,2,Medium
CUST-1556,2024-08-13,,Premium,29.99,13,0,N/A,389.87,1,High
CUST-1557,2024-11-08,2026-07-31,Premium,29.99,21,1,Price too high,629.79,3,High
CUST-1558,2024-08-05,2025-04-02,Standard,19.99,8,1,Price too high,159.92,6,Medium
CUST-1559,2024-08-28,,Standard,19.99,16,0,N/A,319.84,6,High
CUST-1560,2024-09-15,,Standard,19.99,13,0,N/A,259.87,6,Low
CUST-1561,2024-09-18,,Premium,29.99,13,0,N/A,389.87,8,Medium
CUST-1562,2024-01-05,2025-05-29,Basic,9.99,17,1,No longer needed,169.83,0,Low
CUST-1563,2024-09-17,,Basic,9.99,23,0,N/A,229.77,7,High
CUST-1564,2024-02-23,,Basic,9.99,20,0,N/A,199.8,7,Low
CUST-1565,2024-02-16,,Standard,19.99,5,0,N/A,99.95,7,Medium
CUST-1566,2024-08-02,2026-05-24,Standard,19.99,22,1,Other,439.78,1,Medium
CUST-1567,2024-06-25,,Basic,9.99,21,0,N/A,209.79,1,Medium
CUST-1568,2024-01-09,,Basic,9.99,17,0,N/A,169.83,9,Medium
CUST-1569,2024-04-08,,Premium,29.99,9,0,N/A,269.91,9,Medium
CUST-1570,2024-01-20,,Basic,9.99,2,0,N/A,19.98,7,Medium
CUST-1571,2024-08-28,,Standard,19.99,18,0,N/A,359.82,9,High
CUST-1572,2024-03-01,2024-11-26,Premium,29.99,9,1,No longer needed,269.91,8,Medium
CUST-1573,2024-06-26,,Basic,9.99,6,0,N/A,59.94,1,Medium
CUST-1574,2024-12-03,2025-10-29,Basic,9.99,11,1,Other,109.89,9,Medium
CUST-1575,2024-03-02,,Standard,19.99,6,0,N/A,119.94,5,Medium
CUST-1576,2024-05-24,,Premium,29.99,6,0,N/A,179.94,4,High
CUST-1577,2024-08-03,,Standard,19.99,13,0,N/A,259.87,6,Low
CUST-1578,2024-01-03,,Premium,29.99,11,0,N/A,329.89,4,Medium
CUST-1579,2024-06-08,,Basic,9.99,14,0,N/A,139.86,9,High
CUST-1580,2024-08-14,2024-10-13,Standard,19.99,2,1,Found better alternative,39.98,6,High
CUST-1581,2024-09-25,2025-05-23,Standard,19.99,8,1,Technical issues,159.92,1,Medium
CUST-1582,2024-04-29,,Premium,29.99,3,0,N/A,89.97,4,Medium
CUST-1583,2024-03-29,2026-02-17,Basic,9.99,23,1,Poor customer service,229.77,3,Medium
CUST-1584,2024-11-24,,Premium,29.99,21,0,N/A,629.79,6,Medium
CUST-1585,2024-03-08,2024-06-06,Standard,19.99,3,1,Price too high,59.97,2,Medium
CUST-1586,2024-12-22,,Basic,9.99,1,0,N/A,9.99,2,Medium
CUST-1587,2024-04-07,,Basic,9.99,19,0,N/A,189.81,6,Medium
CUST-1588,2024-09-23,2026-03-17,Premium,29.99,18,1,Other,539.82,0,Medium
CUST-1589,2024-04-14,,Basic,9.99,17,0,N/A,169.83,5,Low
CUST-1590,2024-11-18,,Basic,9.99,20,0,N/A,199.8,0,Low
CUST-1591,2024-05-02,,Basic,9.99,13,0,N/A,129.87,8,High
CUST-1592,2024-01-29,,Premium,29.99,3,0,N/A,89.97,4,Medium
CUST-1593,2024-05-16,2024-06-15,Standard,19.99,1,1,Technical issues,19.99,1,Low
CUST-1594,2024-07-13,,Standard,19.99,4,0,N/A,79.96,2,High
CUST-1595,2024-08-13,2025-09-07,Basic,9.99,13,1,Price too high,129.87,5,Medium
CUST-1596,2024-11-27,,Standard,19.99,17,0,N/A,339.83,3,High
CUST-1597,2024-06-18,,Standard,19.99,11,0,N/A,219.89,5,High
CUST-1598,2024-01-09,2024-03-09,Premium,29.99,2,1,Other,59.98,1,Medium
CUST-1599,2024-02-09,,Premium,29.99,16,0,N/A,479.84,7,Low
CUST-1600,2024-01-25,2024-03-25,Basic,9.99,2,1,Other,19.98,4,Low
CUST-1601,2024-09-17,,Standard,19.99,19,0,N/A,379.81,9,Low
CUST-1602,2024-08-13,,Basic,9.99,23,0,N/A,229.77,7,High
CUST-1603,2024-05-03,,Standard,19.99,19,0,N/A,379.81,7,Low
CUST-1604,2024-02-07,,Basic,9.99,16,0,N/A,159.84,8,Medium
CUST-1605,2024-11-23,,Basic,9.99,22,0,N/A,219.78,5,Medium
CUST-1606,2024-09-07,2026-03-31,Basic,9.99,19,1,No longer needed,189.81,0,High
CUST-1607,2024-06-24,,Standard,19.99,9,0,N/A,179.91,1,High
CUST-1608,2024-03-30,,Basic,9.99,1,0,N/A,9.99,0,High
CUST-1609,2024-02-06,,Standard,19.99,10,0,N/A,199.9,2,High
CUST-1610,2024-11-11,,Basic,9.99,19,0,N/A,189.81,0,High
CUST-1611,2024-06-24,,Basic,9.99,1,0,N/A,9.99,7,Medium
CUST-1612,2024-10-10,2024-12-09,Standard,19.99,2,1,Price too high,39.98,0,Medium
CUST-1613,2024-03-21,2025-07-14,Basic,9.99,16,1,Found better alternative,159.84,7,Medium
CUST-1614,2024-04-23,2025-04-18,Basic,9.99,12,1,Other,119.88,7,Medium
CUST-1615,2024-02-09,2024-10-06,Standard,19.99,8,1,Technical issues,159.92,2,High
CUST-1616,2024-10-27,,Basic,9.99,23,0,N/A,229.77,3,Medium
CUST-1617,2024-08-11,2026-02-02,Basic,9.99,18,1,No longer needed,179.82,3,Medium
CUST-1618,2024-11-13,,Basic,9.99,2,0,N/A,19.98,1,Medium
CUST-1619,2024-12-14,,Premium,29.99,13,0,N/A,389.87,5,Medium
CUST-1620,2024-04-24,,Standard,19.99,6,0,N/A,119.94,0,Medium
CUST-1621,2024-07-04,,Standard,19.99,21,0,N/A,419.79,1,Low
CUST-1622,2024-11-18,2025-05-17,Standard,19.99,6,1,No longer needed,119.94,1,Medium
CUST-1623,2024-02-25,,Basic,9.99,9,0,N/A,89.91,5,High
CUST-1624,2024-02-09,2025-06-03,Basic,9.99,16,1,Technical issues,159.84,1,High
CUST-1625,2024-12-19,,Standard,19.99,11,0,N/A,219.89,6,High
CUST-1626,2024-02-09,,Basic,9.99,7,0,N/A,69.93,4,Low
CUST-1627,2024-12-12,2025-10-08,Basic,9.99,10,1,Other,99.9,3,High
CUST-1628,2024-08-24,,Basic,9.99,10,0,N/A,99.9,6,Medium
CUST-1629,2024-10-15,,Basic,9.99,20,0,N/A,199.8,1,Medium
CUST-1630,2024-09-18,,Premium,29.99,18,0,N/A,539.82,2,Medium
CUST-1631,2024-08-03,,Basic,9.99,20,0,N/A,199.8,1,Medium
CUST-1632,2024-05-26,,Standard,19.99,9,0,N/A,179.91,8,Medium
CUST-1633,2024-12-01,,Basic,9.99,15,0,N/A,149.85,7,Medium
CUST-1634,2024-06-16,2024-10-14,Premium,29.99,4,1,Other,119.96,5,Medium
CUST-1635,2024-04-01,2024-11-27,Basic,9.99,8,1,Other,79.92,0,Medium
CUST-1636,2024-12-18,2025-09-14,Basic,9.99,9,1,Poor customer service,89.91,0,Medium
CUST-1637,2024-02-28,2025-03-24,Standard,19.99,13,1,Technical issues,259.87,8,High
CUST-1638,2024-02-28,,Standard,19.99,9,0,N/A,179.91,3,Medium
CUST-1639,2024-10-30,,Basic,9.99,4,0,N/A,39.96,9,Medium
CUST-1640,2024-06-17,,Basic,9.99,17,0,N/A,169.83,0,Medium
CUST-1641,2024-09-25,,Basic,9.99,16,0,N/A,159.84,0,Medium
CUST-1642,2024-12-28,2026-03-23,Basic,9.99,15,1,Found better alternative,149.85,7,High
CUST-1643,2024-02-14,,Basic,9.99,3,0,N/A,29.97,8,Medium
CUST-1644,2024-12-10,,Basic,9.99,20,0,N/A,199.8,3,Medium
CUST-1645,2024-06-29,,Basic,9.99,5,0,N/A,49.95,3,Medium
CUST-1646,2024-06-18,,Basic,9.99,23,0,N/A,229.77,2,Medium
CUST-1647,2024-12-21,,Standard,19.99,5,0,N/A,99.95,0,Medium
CUST-1648,2024-07-09,,Premium,29.99,20,0,N/A,599.8,2,Medium
CUST-1649,2024-06-03,,Standard,19.99,15,0,N/A,299.85,8,Low
CUST-1650,2024-07-06,,Basic,9.99,18,0,N/A,179.82,6,Medium
CUST-1651,2024-01-07,,Basic,9.99,15,0,N/A,149.85,5,High
CUST-1652,2024-05-12,,Premium,29.99,2,0,N/A,59.98,4,High
CUST-1653,2024-08-22,2025-09-16,Basic,9.99,13,1,Poor customer service,129.87,1,Medium
CUST-1654,2024-02-14,,Basic,9.99,4,0,N/A,39.96,6,Medium
CUST-1655,2024-11-09,,Standard,19.99,10,0,N/A,199.9,7,High
CUST-1656,2024-09-05,2025-09-30,Standard,19.99,13,1,Other,259.87,8,Medium
CUST-1657,2024-01-31,,Standard,19.99,10,0,N/A,199.9,6,Medium
CUST-1658,2024-01-23,2024-10-19,Basic,9.99,9,1,Price too high,89.91,6,Medium
CUST-1659,2024-06-08,2025-02-03,Basic,9.99,8,1,Technical issues,79.92,3,Medium
CUST-1660,2024-12-28,,Premium,29.99,3,0,N/A,89.97,7,Medium
CUST-1661,2024-06-06,2025-09-29,Basic,9.99,16,1,Found better alternative,159.84,5,High
CUST-1662,2024-02-08,2025-04-03,Standard,19.99,14,1,No longer needed,279.86,3,High
CUST-1663,2024-03-22,,Standard,19.99,9,0,N/A,179.91,1,Medium
CUST-1664,2024-12-21,,Standard,19.99,21,0,N/A,419.79,8,High
CUST-1665,2024-09-14,2025-08-10,Basic,9.99,11,1,No longer needed,109.89,1,Low
CUST-1666,2024-07-24,2024-10-22,Basic,9.99,3,1,No longer needed,29.97,5,Medium
CUST-1667,2024-03-17,,Standard,19.99,5,0,N/A,99.95,7,High
CUST-1668,2024-01-12,,Premium,29.99,10,0,N/A,299.9,4,Medium
CUST-1669,2024-10-21,2025-11-15,Premium,29.99,13,1,Other,389.87,2,High
CUST-1670,2024-08-11,,Basic,9.99,4,0,N/A,39.96,8,Medium
CUST-1671,2024-01-13,,Basic,9.99,13,0,N/A,129.87,6,High
CUST-1672,2024-02-15,2025-02-09,Premium,29.99,12,1,Poor customer service,359.88,5,High
CUST-1673,2024-06-03,,Standard,19.99,5,0,N/A,99.95,0,Medium
CUST-1674,2024-04-22,,Premium,29.99,10,0,N/A,299.9,0,Medium
CUST-1675,2024-08-20,2025-05-17,Basic,9.99,9,1,Other,89.91,8,Medium
CUST-1676,2024-01-17,2025-09-08,Standard,19.99,20,1,Poor customer service,399.8,8,Medium
CUST-1677,2024-12-25,,Standard,19.99,7,0,N/A,139.93,5,Medium
CUST-1678,2024-08-10,,Standard,19.99,2,0,N/A,39.98,2,Low
CUST-1679,2024-12-19,,Basic,9.99,22,0,N/A,219.78,1,Medium
CUST-1680,2024-07-06,2026-05-27,Basic,9.99,23,1,Poor customer service,229.77,7,Medium
CUST-1681,2024-12-09,,Standard,19.99,7,0,N/A,139.93,1,Medium
CUST-1682,2024-12-30,,Basic,9.99,8,0,N/A,79.92,6,Medium
CUST-1683,2024-06-11,,Basic,9.99,7,0,N/A,69.93,0,Medium
CUST-1684,2024-11-21,2026-08-13,Premium,29.99,21,1,Technical issues,629.79,2,High
CUST-1685,2024-03-14,,Basic,9.99,23,0,N/A,229.77,3,Low
CUST-1686,2024-08-20,,Premium,29.99,14,0,N/A,419.86,8,Low
CUST-1687,2024-08-11,,Basic,9.99,19,0,N/A,189.81,1,Low
CUST-1688,2024-11-14,2025-04-13,Standard,19.99,5,1,Price too high,99.95,3,Medium
CUST-1689,2024-02-29,,Premium,29.99,23,0,N/A,689.77,3,Medium
CUST-1690,2024-11-30,,Basic,9.99,18,0,N/A,179.82,3,High
CUST-1691,2024-08-09,,Basic,9.99,20,0,N/A,199.8,4,Medium
CUST-1692,2024-02-06,2025-01-31,Basic,9.99,12,1,Poor customer service,119.88,1,Medium
CUST-1693,2024-10-04,,Basic,9.99,23,0,N/A,229.77,2,Medium
CUST-1694,2024-07-14,,Standard,19.99,17,0,N/A,339.83,2,Medium
CUST-1695,2024-12-17,,Premium,29.99,13,0,N/A,389.87,4,High
CUST-1696,2024-08-29,2024-10-28,Basic,9.99,2,1,Poor customer service,19.98,6,High
CUST-1697,2024-11-19,,Basic,9.99,13,0,N/A,129.87,4,Medium
CUST-1698,2024-08-06,2025-03-04,Basic,9.99,7,1,Price too high,69.93,5,Medium
CUST-1699,2024-07-10,2025-05-06,Standard,19.99,10,1,Found better alternative,199.9,6,High
CUST-1700,2024-01-17,,Basic,9.99,23,0,N/A,229.77,4,Low
CUST-1701,2024-01-12,,Standard,19.99,6,0,N/A,119.94,1,Medium
CUST-1702,2024-07-11,,Standard,19.99,3,0,N/A,59.97,9,High
CUST-1703,2024-01-22,,Standard,19.99,3,0,N/A,59.97,7,High
CUST-1704,2024-04-29,,Basic,9.99,18,0,N/A,179.82,7,Low
CUST-1705,2024-07-28,,Standard,19.99,11,0,N/A,219.89,1,High
CUST-1706,2024-11-01,2026-08-23,Basic,9.99,22,1,Poor customer service,219.78,1,Low
CUST-1707,2024-09-26,,Basic,9.99,20,0,N/A,199.8,3,Medium
CUST-1708,2024-07-10,2024-12-07,Premium,29.99,5,1,No longer needed,149.95,7,High
CUST-1709,2024-06-23,,Standard,19.99,19,0,N/A,379.81,2,High
CUST-1710,2024-10-11,,Basic,9.99,22,0,N/A,219.78,2,Medium
CUST-1711,2024-07-22,2026-02-12,Basic,9.99,19,1,Price too high,189.81,8,Medium
CUST-1712,2024-06-12,,Basic,9.99,15,0,N/A,149.85,9,Medium
CUST-1713,2024-09-07,2025-12-31,Basic,9.99,16,1,Technical issues,159.84,3,High
CUST-1714,2024-08-14,,Basic,9.99,9,0,N/A,89.91,8,High
CUST-1715,2024-01-07,,Basic,9.99,4,0,N/A,39.96,3,High
CUST-1716,2024-01-29,2025-04-23,Basic,9.99,15,1,Poor customer service,149.85,8,Low
CUST-1717,2024-02-02,,Standard,19.99,12,0,N/A,239.88,1,Medium
CUST-1718,2024-05-13,,Standard,19.99,23,0,N/A,459.77,7,Low
CUST-1719,2024-03-19,2024-06-17,Standard,19.99,3,1,Found better alternative,59.97,1,High
CUST-1720,2024-02-27,,Basic,9.99,23,0,N/A,229.77,1,Medium
CUST-1721,2024-01-26,2025-03-21,Premium,29.99,14,1,Other,419.86,5,Low
CUST-1722,2024-08-13,2026-01-05,Premium,29.99,17,1,Poor customer service,509.83,0,Medium
CUST-1723,2024-10-11,2026-05-04,Premium,29.99,19,1,Price too high,569.81,0,High
CUST-1724,2024-01-04,,Premium,29.99,6,0,N/A,179.94,3,Low
CUST-1725,2024-04-08,,Premium,29.99,4,0,N/A,119.96,4,Medium
CUST-1726,2024-02-08,2024-09-05,Standard,19.99,7,1,Found better alternative,139.93,9,High
CUST-1727,2024-09-27,,Basic,9.99,19,0,N/A,189.81,9,Low
CUST-1728,2024-10-11,,Standard,19.99,17,0,N/A,339.83,9,Medium
CUST-1729,2024-06-05,,Standard,19.99,16,0,N/A,319.84,0,High
CUST-1730,2024-03-15,,Standard,19.99,15,0,N/A,299.85,0,High
CUST-1731,2024-10-14,2026-08-05,Standard,19.99,22,1,Found better alternative,439.78,9,Medium
CUST-1732,2024-05-09,2025-01-04,Basic,9.99,8,1,Price too high,79.92,9,High
CUST-1733,2024-06-23,,Basic,9.99,19,0,N/A,189.81,0,Low
CUST-1734,2024-03-24,,Premium,29.99,8,0,N/A,239.92,4,Low
CUST-1735,2024-01-22,2025-07-15,Standard,19.99,18,1,Technical issues,359.82,5,Low
CUST-1736,2024-01-27,,Standard,19.99,16,0,N/A,319.84,5,High
CUST-1737,2024-07-13,2026-03-05,Basic,9.99,20,1,Technical issues,199.8,5,Medium
CUST-1738,2024-12-02,,Basic,9.99,19,0,N/A,189.81,2,High
CUST-1739,2024-08-23,,Premium,29.99,10,0,N/A,299.9,0,Medium
CUST-1740,2024-04-01,,Standard,19.99,17,0,N/A,339.83,5,Medium
CUST-1741,2024-01-21,2025-02-14,Standard,19.99,13,1,Poor customer service,259.87,7,Medium
CUST-1742,2024-10-29,,Basic,9.99,13,0,N/A,129.87,5,Low
CUST-1743,2024-12-22,,Standard,19.99,7,0,N/A,139.93,8,High
CUST-1744,2024-03-24,,Basic,9.99,10,0,N/A,99.9,9,Medium
CUST-1745,2024-09-18,2024-11-17,Standard,19.99,2,1,Found better alternative,39.98,8,High
CUST-1746,2024-05-26,2024-09-23,Basic,9.99,4,1,Price too high,39.96,4,High
CUST-1747,2024-09-13,,Basic,9.99,6,0,N/A,59.94,7,Medium
CUST-1748,2024-02-27,,Standard,19.99,18,0,N/A,359.82,4,High
CUST-1749,2024-01-15,,Premium,29.99,23,0,N/A,689.77,6,Medium
CUST-1750,2024-06-10,,Basic,9.99,6,0,N/A,59.94,4,Medium
CUST-1751,2024-06-11,,Premium,29.99,23,0,N/A,689.77,0,High
CUST-1752,2024-11-15,,Basic,9.99,17,0,N/A,169.83,6,Low
CUST-1753,2024-10-07,,Basic,9.99,14,0,N/A,139.86,0,Medium
CUST-1754,2024-10-06,,Basic,9.99,11,0,N/A,109.89,3,High
CUST-1755,2024-01-12,,Basic,9.99,19,0,N/A,189.81,9,Medium
CUST-1756,2024-09-30,2024-11-29,Standard,19.99,2,1,Other,39.98,1,Low
CUST-1757,2024-09-27,,Basic,9.99,3,0,N/A,29.97,8,Medium
CUST-1758,2024-07-26,,Basic,9.99,11,0,N/A,109.89,5,High
CUST-1759,2024-01-27,,Premium,29.99,6,0,N/A,179.94,6,High
CUST-1760,2024-03-12,,Basic,9.99,14,0,N/A,139.86,5,High
CUST-1761,2024-02-29,,Standard,19.99,19,0,N/A,379.81,8,Low
CUST-1762,2024-05-24,2025-09-16,Basic,9.99,16,1,Found better alternative,159.84,3,High
CUST-1763,2024-04-02,,Standard,19.99,21,0,N/A,419.79,1,High
CUST-1764,2024-11-04,,Basic,9.99,22,0,N/A,219.78,9,Low
CUST-1765,2024-01-08,,Basic,9.99,7,0,N/A,69.93,1,Medium
CUST-1766,2024-03-19,2024-11-14,Basic,9.99,8,1,Price too high,79.92,6,Medium
CUST-1767,2024-01-27,,Basic,9.99,19,0,N/A,189.81,7,Medium
CUST-1768,2024-06-22,,Basic,9.99,20,0,N/A,199.8,8,Low
CUST-1769,2024-02-19,,Standard,19.99,16,0,N/A,319.84,5,Medium
CUST-1770,2024-07-17,,Premium,29.99,22,0,N/A,659.78,7,Low
CUST-1771,2024-12-14,2025-07-12,Premium,29.99,7,1,Technical issues,209.93,6,High
CUST-1772,2024-06-29,2025-03-26,Standard,19.99,9,1,Poor customer service,179.91,6,High
CUST-1773,2024-01-24,,Basic,9.99,13,0,N/A,129.87,0,Low
CUST-1774,2024-11-11,,Basic,9.99,1,0,N/A,9.99,5,Medium
CUST-1775,2024-02-15,2024-10-12,Basic,9.99,8,1,Technical issues,79.92,3,Medium
CUST-1776,2024-01-15,,Basic,9.99,22,0,N/A,219.78,4,Medium
CUST-1777,2024-06-01,,Standard,19.99,4,0,N/A,79.96,0,Medium
CUST-1778,2024-08-09,2024-11-07,Standard,19.99,3,1,Technical issues,59.97,2,Medium
CUST-1779,2024-07-24,2024-10-22,Basic,9.99,3,1,Poor customer service,29.97,1,Medium
CUST-1780,2024-09-29,,Basic,9.99,22,0,N/A,219.78,9,High
CUST-1781,2024-08-23,,Premium,29.99,13,0,N/A,389.87,1,High
CUST-1782,2024-12-05,,Standard,19.99,8,0,N/A,159.92,9,Medium
CUST-1783,2024-08-15,2025-03-13,Basic,9.99,7,1,Price too high,69.93,4,Low
CUST-1784,2024-01-09,,Premium,29.99,1,0,N/A,29.99,4,High
CUST-1785,2024-06-14,,Premium,29.99,16,0,N/A,479.84,6,High
CUST-1786,2024-11-14,,Basic,9.99,6,0,N/A,59.94,8,High
CUST-1787,2024-08-01,,Basic,9.99,7,0,N/A,69.93,4,Medium
CUST-1788,2024-04-26,,Standard,19.99,12,0,N/A,239.88,3,High
CUST-1789,2024-12-09,,Premium,29.99,23,0,N/A,689.77,2,Medium
CUST-1790,2024-03-12,,Premium,29.99,9,0,N/A,269.91,7,Medium
CUST-1791,2024-03-04,,Basic,9.99,11,0,N/A,109.89,7,Medium
CUST-1792,2024-07-23,2025-05-19,Basic,9.99,10,1,Price too high,99.9,5,Medium
CUST-1793,2024-07-27,,Standard,19.99,21,0,N/A,419.79,7,Medium
CUST-1794,2024-03-12,2024-04-11,Standard,19.99,1,1,Price too high,19.99,1,Medium
CUST-1795,2024-10-03,2026-03-27,Basic,9.99,18,1,Found better alternative,179.82,6,Medium
CUST-1796,2024-09-30,,Premium,29.99,4,0,N/A,119.96,1,Low
CUST-1797,2024-11-15,,Standard,19.99,5,0,N/A,99.95,8,High
CUST-1798,2024-12-03,2025-08-30,Premium,29.99,9,1,Technical issues,269.91,0,Medium
CUST-1799,2024-04-04,,Premium,29.99,17,0,N/A,509.83,7,Low
CUST-1800,2024-06-14,,Standard,19.99,3,0,N/A,59.97,1,Medium
CUST-1801,2024-02-01,,Basic,9.99,16,0,N/A,159.84,6,Medium
CUST-1802,2024-01-11,,Standard,19.99,5,0,N/A,99.95,5,Low
CUST-1803,2024-10-27,2026-02-19,Basic,9.99,16,1,Other,159.84,2,Medium
CUST-1804,2024-08-04,2024-11-02,Standard,19.99,3,1,Other,59.97,4,High
CUST-1805,2024-10-15,2026-06-07,Basic,9.99,20,1,Other,199.8,3,High
CUST-1806,2024-04-11,,Standard,19.99,15,0,N/A,299.85,6,Low
CUST-1807,2024-09-23,,Basic,9.99,3,0,N/A,29.97,4,Medium
CUST-1808,2024-08-01,,Basic,9.99,20,0,N/A,199.8,8,Medium
CUST-1809,2024-06-27,,Basic,9.99,14,0,N/A,139.86,1,Medium
CUST-1810,2024-03-28,,Basic,9.99,16,0,N/A,159.84,7,Medium
CUST-1811,2024-02-10,,Standard,19.99,17,0,N/A,339.83,6,Medium
CUST-1812,2024-03-16,,Standard,19.99,20,0,N/A,399.8,3,Medium
CUST-1813,2024-02-15,,Standard,19.99,23,0,N/A,459.77,9,High
CUST-1814,2024-06-08,,Basic,9.99,18,0,N/A,179.82,5,High
CUST-1815,2024-03-20,,Basic,9.99,18,0,N/A,179.82,7,Medium
CUST-1816,2024-11-05,,Basic,9.99,22,0,N/A,219.78,6,Medium
CUST-1817,2024-03-26,,Basic,9.99,14,0,N/A,139.86,7,High
CUST-1818,2024-04-01,,Premium,29.99,18,0,N/A,539.82,8,Low
CUST-1819,2024-05-27,2025-08-20,Basic,9.99,15,1,Technical issues,149.85,6,Medium
CUST-1820,2024-06-09,2025-09-02,Basic,9.99,15,1,Price too high,149.85,9,High
CUST-1821,2024-07-20,2025-01-16,Basic,9.99,6,1,Found better alternative,59.94,5,Medium
CUST-1822,2024-08-29,,Basic,9.99,15,0,N/A,149.85,8,Low
CUST-1823,2024-12-18,,Standard,19.99,18,0,N/A,359.82,4,Medium
CUST-1824,2024-01-02,,Standard,19.99,4,0,N/A,79.96,8,Low
CUST-1825,2024-08-12,2026-07-03,Basic,9.99,23,1,Other,229.77,2,Medium
CUST-1826,2024-10-15,,Basic,9.99,8,0,N/A,79.92,7,Medium
CUST-1827,2024-08-20,2025-11-13,Basic,9.99,15,1,Poor customer service,149.85,1,Medium
CUST-1828,2024-03-17,,Basic,9.99,3,0,N/A,29.97,7,Medium
CUST-1829,2024-04-25,2025-07-19,Basic,9.99,15,1,Other,149.85,2,Medium
CUST-1830,2024-06-02,2025-06-27,Premium,29.99,13,1,Found better alternative,389.87,0,Medium
CUST-1831,2024-04-12,,Standard,19.99,9,0,N/A,179.91,2,Medium
CUST-1832,2024-07-12,,Standard,19.99,2,0,N/A,39.98,3,High
CUST-1833,2024-06-14,,Basic,9.99,8,0,N/A,79.92,0,Medium
CUST-1834,2024-12-24,,Basic,9.99,20,0,N/A,199.8,6,Medium
CUST-1835,2024-03-30,,Standard,19.99,17,0,N/A,339.83,0,High
CUST-1836,2024-06-22,,Standard,19.99,13,0,N/A,259.87,9,High
CUST-1837,2024-05-01,,Standard,19.99,1,0,N/A,19.99,9,Medium
CUST-1838,2024-05-22,,Basic,9.99,2,0,N/A,19.98,1,Medium
CUST-1839,2024-04-15,,Standard,19.99,15,0,N/A,299.85,3,High
CUST-1840,2024-10-31,,Basic,9.99,12,0,N/A,119.88,4,High
CUST-1841,2024-12-25,,Premium,29.99,14,0,N/A,419.86,9,Medium
CUST-1842,2024-11-12,,Standard,19.99,2,0,N/A,39.98,5,Medium
CUST-1843,2024-05-02,2025-10-24,Standard,19.99,18,1,Poor customer service,359.82,0,Medium
CUST-1844,2024-01-09,,Basic,9.99,22,0,N/A,219.78,5,High
CUST-1845,2024-09-18,2025-04-16,Standard,19.99,7,1,Technical issues,139.93,8,Medium
CUST-1846,2024-03-13,,Basic,9.99,23,0,N/A,229.77,8,High
CUST-1847,2024-12-24,,Basic,9.99,6,0,N/A,59.94,4,High
CUST-1848,2024-08-10,,Basic,9.99,14,0,N/A,139.86,7,Medium
CUST-1849,2024-02-10,,Standard,19.99,8,0,N/A,159.92,8,Medium
CUST-1850,2024-07-22,,Basic,9.99,22,0,N/A,219.78,8,High
CUST-1851,2024-09-20,,Basic,9.99,2,0,N/A,19.98,0,Medium
CUST-1852,2024-11-23,,Premium,29.99,17,0,N/A,509.83,7,Medium
CUST-1853,2024-06-26,,Basic,9.99,5,0,N/A,49.95,5,High
CUST-1854,2024-12-13,,Standard,19.99,14,0,N/A,279.86,9,High
CUST-1855,2024-11-13,2026-07-06,Basic,9.99,20,1,Other,199.8,5,Low
CUST-1856,2024-03-24,,Basic,9.99,21,0,N/A,209.79,4,Medium
CUST-1857,2024-11-13,,Standard,19.99,21,0,N/A,419.79,1,High
CUST-1858,2024-04-20,2026-02-09,Basic,9.99,22,1,Other,219.78,4,High
CUST-1859,2024-09-07,,Basic,9.99,3,0,N/A,29.97,5,High
CUST-1860,2024-01-07,2024-06-05,Standard,19.99,5,1,Other,99.95,7,High
CUST-1861,2024-03-24,,Standard,19.99,16,0,N/A,319.84,3,Medium
CUST-1862,2024-07-26,,Standard,19.99,18,0,N/A,359.82,5,Medium
CUST-1863,2024-11-09,2026-04-03,Basic,9.99,17,1,Price too high,169.83,8,Low
CUST-1864,2024-01-22,,Basic,9.99,11,0,N/A,109.89,8,Medium
CUST-1865,2024-01-03,2025-05-27,Standard,19.99,17,1,Technical issues,339.83,5,High
CUST-1866,2024-05-06,,Standard,19.99,16,0,N/A,319.84,3,Low
CUST-1867,2024-10-23,,Premium,29.99,23,0,N/A,689.77,8,High
CUST-1868,2024-07-06,2024-09-04,Premium,29.99,2,1,Poor customer service,59.98,4,High
CUST-1869,2024-12-27,,Premium,29.99,4,0,N/A,119.96,5,Medium
CUST-1870,2024-01-14,2025-10-05,Basic,9.99,21,1,Other,209.79,3,Medium
CUST-1871,2024-01-12,,Basic,9.99,7,0,N/A,69.93,6,Medium
CUST-1872,2024-03-27,,Standard,19.99,2,0,N/A,39.98,6,Low
CUST-1873,2024-01-12,,Basic,9.99,6,0,N/A,59.94,6,Low
CUST-1874,2024-01-25,2025-06-18,Basic,9.99,17,1,Found better alternative,169.83,0,Medium
CUST-1875,2024-10-27,,Premium,29.99,7,0,N/A,209.93,1,Low
CUST-1876,2024-08-30,,Premium,29.99,5,0,N/A,149.95,2,Low
CUST-1877,2024-05-01,2024-09-28,Basic,9.99,5,1,Other,49.95,5,Low
CUST-1878,2024-05-26,2026-01-16,Basic,9.99,20,1,Price too high,199.8,3,High
CUST-1879,2024-02-24,,Basic,9.99,16,0,N/A,159.84,5,Medium
CUST-1880,2024-08-25,,Premium,29.99,19,0,N/A,569.81,1,Medium
CUST-1881,2024-12-21,,Premium,29.99,9,0,N/A,269.91,5,Low
CUST-1882,2024-06-21,,Basic,9.99,5,0,N/A,49.95,3,High
CUST-1883,2024-08-08,,Basic,9.99,8,0,N/A,79.92,7,Medium
CUST-1884,2024-04-28,,Premium,29.99,9,0,N/A,269.91,5,High
CUST-1885,2024-11-04,,Basic,9.99,5,0,N/A,49.95,0,Medium
CUST-1886,2024-07-01,2025-04-27,Standard,19.99,10,1,Price too high,199.9,1,Medium
CUST-1887,2024-10-14,2024-12-13,Premium,29.99,2,1,No longer needed,59.98,4,Medium
CUST-1888,2024-11-02,,Basic,9.99,9,0,N/A,89.91,0,Medium
CUST-1889,2024-10-26,,Standard,19.99,11,0,N/A,219.89,2,High
CUST-1890,2024-03-22,,Basic,9.99,4,0,N/A,39.96,6,Medium
CUST-1891,2024-07-29,,Basic,9.99,22,0,N/A,219.78,3,Medium
CUST-1892,2024-05-29,2026-03-20,Premium,29.99,22,1,Poor customer service,659.78,9,Medium
CUST-1893,2024-02-06,,Basic,9.99,22,0,N/A,219.78,5,Low
CUST-1894,2024-12-17,,Premium,29.99,2,0,N/A,59.98,5,Medium
CUST-1895,2024-11-07,,Standard,19.99,23,0,N/A,459.77,3,Medium
CUST-1896,2024-12-26,,Basic,9.99,6,0,N/A,59.94,9,Medium
CUST-1897,2024-02-28,,Basic,9.99,14,0,N/A,139.86,9,Medium
CUST-1898,2024-05-10,,Basic,9.99,1,0,N/A,9.99,0,High
CUST-1899,2024-07-20,,Basic,9.99,18,0,N/A,179.82,1,Medium
CUST-1900,2024-08-30,,Basic,9.99,7,0,N/A,69.93,5,High
CUST-1901,2024-02-04,2024-03-05,Basic,9.99,1,1,No longer needed,9.99,2,Low
CUST-1902,2024-04-02,2024-05-02,Basic,9.99,1,1,No longer needed,9.99,4,Medium
CUST-1903,2024-07-25,,Standard,19.99,1,0,N/A,19.99,3,Medium
CUST-1904,2024-12-18,,Standard,19.99,4,0,N/A,79.96,3,High
CUST-1905,2024-11-27,,Standard,19.99,4,0,N/A,79.96,1,Low
CUST-1906,2024-10-31,,Basic,9.99,18,0,N/A,179.82,3,Low
CUST-1907,2024-12-15,,Basic,9.99,11,0,N/A,109.89,9,Medium
CUST-1908,2024-07-31,,Standard,19.99,1,0,N/A,19.99,3,High
CUST-1909,2024-06-07,,Basic,9.99,10,0,N/A,99.9,9,Medium
CUST-1910,2024-01-24,,Basic,9.99,9,0,N/A,89.91,5,Medium
CUST-1911,2024-10-19,,Premium,29.99,23,0,N/A,689.77,1,Medium
CUST-1912,2024-01-04,,Standard,19.99,4,0,N/A,79.96,4,Medium
CUST-1913,2024-08-07,2025-02-03,Standard,19.99,6,1,Found better alternative,119.94,3,High
CUST-1914,2024-12-29,,Basic,9.99,16,0,N/A,159.84,8,High
CUST-1915,2024-01-20,,Standard,19.99,2,0,N/A,39.98,8,High
CUST-1916,2024-05-31,,Standard,19.99,23,0,N/A,459.77,0,Medium
CUST-1917,2024-02-19,2025-08-12,Standard,19.99,18,1,Price too high,359.82,7,Medium
CUST-1918,2024-06-25,2025-04-21,Standard,19.99,10,1,Found better alternative,199.9,5,Low
CUST-1919,2024-04-05,2025-08-28,Premium,29.99,17,1,Price too high,509.83,2,Medium
CUST-1920,2024-04-14,,Standard,19.99,13,0,N/A,259.87,4,Medium
CUST-1921,2024-09-06,,Basic,9.99,18,0,N/A,179.82,6,High
CUST-1922,2024-04-26,2026-02-15,Standard,19.99,22,1,Price too high,439.78,6,Medium
CUST-1923,2024-12-19,,Standard,19.99,13,0,N/A,259.87,3,Low
CUST-1924,2024-08-15,,Standard,19.99,17,0,N/A,339.83,9,Medium
CUST-1925,2024-03-06,2024-08-03,Basic,9.99,5,1,No longer needed,49.95,9,High
CUST-1926,2024-11-30,,Basic,9.99,11,0,N/A,109.89,9,Low
CUST-1927,2024-09-18,,Premium,29.99,7,0,N/A,209.93,4,Medium
CUST-1928,2024-10-21,,Standard,19.99,10,0,N/A,199.9,8,Medium
CUST-1929,2024-08-30,,Premium,29.99,17,0,N/A,509.83,9,Medium
CUST-1930,2024-07-04,,Standard,19.99,15,0,N/A,299.85,8,Medium
CUST-1931,2024-09-02,,Standard,19.99,18,0,N/A,359.82,6,High
CUST-1932,2024-05-04,2026-03-25,Standard,19.99,23,1,Poor customer service,459.77,7,Medium
CUST-1933,2024-09-24,,Premium,29.99,22,0,N/A,659.78,3,Medium
CUST-1934,2024-05-10,2025-12-01,Standard,19.99,19,1,Technical issues,379.81,2,High
CUST-1935,2024-08-24,,Standard,19.99,2,0,N/A,39.98,6,High
CUST-1936,2024-01-18,,Basic,9.99,4,0,N/A,39.96,5,Medium
CUST-1937,2024-02-09,2024-05-09,Basic,9.99,3,1,Poor customer service,29.97,6,Low
CUST-1938,2024-01-21,2024-08-18,Standard,19.99,7,1,Price too high,139.93,0,Low
CUST-1939,2024-08-12,,Basic,9.99,18,0,N/A,179.82,1,Medium
CUST-1940,2024-12-20,2025-10-16,Basic,9.99,10,1,Price too high,99.9,1,Medium
CUST-1941,2024-10-08,2025-05-06,Basic,9.99,7,1,Technical issues,69.93,5,Low
CUST-1942,2024-01-08,2024-09-04,Basic,9.99,8,1,Found better alternative,79.92,1,Medium
CUST-1943,2024-04-09,,Basic,9.99,6,0,N/A,59.94,6,High
CUST-1944,2024-08-27,2026-06-18,Basic,9.99,22,1,Technical issues,219.78,6,High
CUST-1945,2024-03-27,2024-04-26,Premium,29.99,1,1,Price too high,29.99,3,Low
CUST-1946,2024-10-24,2025-02-21,Standard,19.99,4,1,Found better alternative,79.96,2,Low
CUST-1947,2024-01-14,,Basic,9.99,14,0,N/A,139.86,6,Low
CUST-1948,2024-11-29,,Basic,9.99,17,0,N/A,169.83,4,High
CUST-1949,2024-01-02,,Standard,19.99,20,0,N/A,399.8,1,High
CUST-1950,2024-10-19,,Basic,9.99,18,0,N/A,179.82,7,Medium
CUST-1951,2024-11-20,2025-10-16,Premium,29.99,11,1,Poor customer service,329.89,8,High
CUST-1952,2024-02-10,,Standard,19.99,21,0,N/A,419.79,1,High
CUST-1953,2024-11-13,,Standard,19.99,14,0,N/A,279.86,7,Low
CUST-1954,2024-11-11,2025-08-08,Basic,9.99,9,1,Other,89.91,8,Low
CUST-1955,2024-04-20,,Standard,19.99,15,0,N/A,299.85,1,Medium
CUST-1956,2024-01-14,,Basic,9.99,12,0,N/A,119.88,0,Low
CUST-1957,2024-08-18,,Premium,29.99,10,0,N/A,299.9,3,High
CUST-1958,2024-03-24,,Standard,19.99,19,0,N/A,379.81,7,Medium
CUST-1959,2024-05-09,,Basic,9.99,19,0,N/A,189.81,7,Medium
CUST-1960,2024-08-18,2025-02-14,Basic,9.99,6,1,Price too high,59.94,3,Medium
CUST-1961,2024-11-21,,Basic,9.99,20,0,N/A,199.8,4,Medium
CUST-1962,2024-05-24,,Standard,19.99,6,0,N/A,119.94,6,Medium
CUST-1963,2024-12-10,,Basic,9.99,8,0,N/A,79.92,8,High
CUST-1964,2024-01-28,,Standard,19.99,1,0,N/A,19.99,7,Medium
CUST-1965,2024-03-06,,Basic,9.99,22,0,N/A,219.78,2,Medium
CUST-1966,2024-06-11,,Standard,19.99,17,0,N/A,339.83,3,Low
CUST-1967,2024-08-16,,Premium,29.99,17,0,N/A,509.83,7,Low
CUST-1968,2024-09-17,2025-12-11,Standard,19.99,15,1,Poor customer service,299.85,5,High
CUST-1969,2024-06-12,,Standard,19.99,7,0,N/A,139.93,6,Low
CUST-1970,2024-10-27,,Basic,9.99,19,0,N/A,189.81,4,Low
CUST-1971,2024-10-29,2026-08-20,Basic,9.99,22,1,Other,219.78,9,Medium
CUST-1972,2024-10-13,,Standard,19.99,23,0,N/A,459.77,9,High
CUST-1973,2024-01-10,,Basic,9.99,3,0,N/A,29.97,0,High
CUST-1974,2024-07-13,,Basic,9.99,22,0,N/A,219.78,9,Low
CUST-1975,2024-04-27,,Basic,9.99,11,0,N/A,109.89,2,Medium
CUST-1976,2024-09-26,,Basic,9.99,20,0,N/A,199.8,0,Low
CUST-1977,2024-03-20,,Basic,9.99,19,0,N/A,189.81,4,Medium
CUST-1978,2024-04-02,,Premium,29.99,9,0,N/A,269.91,7,High
CUST-1979,2024-09-22,,Basic,9.99,10,0,N/A,99.9,0,High
CUST-1980,2024-11-27,,Standard,19.99,2,0,N/A,39.98,6,Medium
CUST-1981,2024-12-15,,Basic,9.99,1,0,N/A,9.99,4,Medium
CUST-1982,2024-12-26,2026-04-20,Standard,19.99,16,1,Found better alternative,319.84,1,Medium
CUST-1983,2024-09-13,2026-03-07,Basic,9.99,18,1,Price too high,179.82,5,High
CUST-1984,2024-05-12,2026-04-02,Premium,29.99,23,1,Technical issues,689.77,2,Medium
CUST-1985,2024-10-02,,Premium,29.99,17,0,N/A,509.83,5,Medium
CUST-1986,2024-09-20,,Basic,9.99,6,0,N/A,59.94,3,High
CUST-1987,2024-06-19,,Premium,29.99,14,0,N/A,419.86,9,Medium
CUST-1988,2024-01-01,,Premium,29.99,23,0,N/A,689.77,1,Medium
CUST-1989,2024-11-08,,Premium,29.99,15,0,N/A,449.85,2,Medium
CUST-1990,2024-03-04,,Premium,29.99,14,0,N/A,419.86,8,Medium
CUST-1991,2024-10-10,,Basic,9.99,22,0,N/A,219.78,9,Medium
CUST-1992,2024-04-30,,Standard,19.99,3,0,N/A,59.97,3,High
CUST-1993,2024-04-16,2026-03-07,Basic,9.99,23,1,Found better alternative,229.77,5,Medium
CUST-1994,2024-06-23,,Basic,9.99,19,0,N/A,189.81,8,Medium
CUST-1995,2024-07-22,,Premium,29.99,12,0,N/A,359.88,4,High
CUST-1996,2024-06-13,,Basic,9.99,2,0,N/A,19.98,0,Low
CUST-1997,2024-10-31,,Standard,19.99,3,0,N/A,59.97,0,Medium
CUST-1998,2024-04-29,,Premium,29.99,18,0,N/A,539.82,5,Medium
CUST-1999,2024-02-13,,Premium,29.99,1,0,N/A,29.99,4,Low
CUST-2000,2024-11-07,,Premium,29.99,20,0,N/A,599.8,9,Medium
